group,scenario,operator_type,operator_index,mean_calls
static_baseline,real_single,destroy,1,40.1333333333333
static_baseline,real_single,destroy,2,53.1666666666667
static_baseline,real_single,destroy,3,53.55
static_baseline,real_single,destroy,4,56.1833333333333
static_baseline,real_single,destroy,5,60.6
static_baseline,real_single,destroy,6,45.6666666666667
static_baseline,real_single,destroy,7,39.5333333333333
static_baseline,real_single,destroy,8,46.6833333333333
static_baseline,real_single,destroy,9,0
static_baseline,real_single,repair,1,79.0333333333333
static_baseline,real_single,repair,2,89.3666666666667
static_baseline,real_single,repair,3,85.8666666666667
static_baseline,real_single,repair,4,0
static_baseline,real_single,repair,5,82.6833333333333
static_baseline,real_single,repair,6,58.5666666666667
static_baseline,real_single,repair,7,0
static_baseline,real_single,local_search,1,16.3
static_baseline,real_multi,destroy,1,47.9333333333333
static_baseline,real_multi,destroy,2,39.0166666666667
static_baseline,real_multi,destroy,3,41.8666666666667
static_baseline,real_multi,destroy,4,49.6833333333333
static_baseline,real_multi,destroy,5,52.6333333333333
static_baseline,real_multi,destroy,6,52.2833333333333
static_baseline,real_multi,destroy,7,38.1833333333333
static_baseline,real_multi,destroy,8,39.6666666666667
static_baseline,real_multi,destroy,9,0
static_baseline,real_multi,repair,1,90.65
static_baseline,real_multi,repair,2,74.1166666666667
static_baseline,real_multi,repair,3,78
static_baseline,real_multi,repair,4,0
static_baseline,real_multi,repair,5,62.4166666666667
static_baseline,real_multi,repair,6,56.0833333333333
static_baseline,real_multi,repair,7,0
static_baseline,real_multi,local_search,1,15.45
dynamic_only,real_single,destroy,1,41.7166666666667
dynamic_only,real_single,destroy,2,59.05
dynamic_only,real_single,destroy,3,52.65
dynamic_only,real_single,destroy,4,55.1333333333333
dynamic_only,real_single,destroy,5,60.7666666666667
dynamic_only,real_single,destroy,6,67.9833333333333
dynamic_only,real_single,destroy,7,60.4833333333333
dynamic_only,real_single,destroy,8,58.05
dynamic_only,real_single,destroy,9,0
dynamic_only,real_single,repair,1,88.3166666666667
dynamic_only,real_single,repair,2,90.5666666666667
dynamic_only,real_single,repair,3,100.45
dynamic_only,real_single,repair,4,0
dynamic_only,real_single,repair,5,83.9333333333333
dynamic_only,real_single,repair,6,92.5666666666667
dynamic_only,real_single,repair,7,0
dynamic_only,real_single,local_search,1,17.0833333333333
dynamic_only,real_multi,destroy,1,50.1166666666667
dynamic_only,real_multi,destroy,2,48.1166666666667
dynamic_only,real_multi,destroy,3,51.7
dynamic_only,real_multi,destroy,4,56.9166666666667
dynamic_only,real_multi,destroy,5,51.6166666666667
dynamic_only,real_multi,destroy,6,55.1
dynamic_only,real_multi,destroy,7,50.0833333333333
dynamic_only,real_multi,destroy,8,41.4333333333333
dynamic_only,real_multi,destroy,9,0
dynamic_only,real_multi,repair,1,91.3
dynamic_only,real_multi,repair,2,82.7833333333333
dynamic_only,real_multi,repair,3,87.25
dynamic_only,real_multi,repair,4,0
dynamic_only,real_multi,repair,5,76.4166666666667
dynamic_only,real_multi,repair,6,67.3333333333333
dynamic_only,real_multi,repair,7,0
dynamic_only,real_multi,local_search,1,17.0833333333333
dynamic_plus_repair,real_single,destroy,1,71.8166666666667
dynamic_plus_repair,real_single,destroy,2,64.4
dynamic_plus_repair,real_single,destroy,3,65.5166666666667
dynamic_plus_repair,real_single,destroy,4,78.2333333333333
dynamic_plus_repair,real_single,destroy,5,77.4333333333333
dynamic_plus_repair,real_single,destroy,6,87.65
dynamic_plus_repair,real_single,destroy,7,60.7166666666667
dynamic_plus_repair,real_single,destroy,8,62.2
dynamic_plus_repair,real_single,destroy,9,0
dynamic_plus_repair,real_single,repair,1,28.7333333333333
dynamic_plus_repair,real_single,repair,2,30.7833333333333
dynamic_plus_repair,real_single,repair,3,31.5166666666667
dynamic_plus_repair,real_single,repair,4,415.283333333333
dynamic_plus_repair,real_single,repair,5,33.85
dynamic_plus_repair,real_single,repair,6,27.8
dynamic_plus_repair,real_single,repair,7,0
dynamic_plus_repair,real_single,local_search,1,21.9333333333333
dynamic_plus_repair,real_multi,destroy,1,73.9333333333333
dynamic_plus_repair,real_multi,destroy,2,98.5666666666667
dynamic_plus_repair,real_multi,destroy,3,74.7
dynamic_plus_repair,real_multi,destroy,4,92.5833333333333
dynamic_plus_repair,real_multi,destroy,5,88.8
dynamic_plus_repair,real_multi,destroy,6,101.4
dynamic_plus_repair,real_multi,destroy,7,74.7666666666667
dynamic_plus_repair,real_multi,destroy,8,67.3166666666667
dynamic_plus_repair,real_multi,destroy,9,0
dynamic_plus_repair,real_multi,repair,1,32.6
dynamic_plus_repair,real_multi,repair,2,35.1333333333333
dynamic_plus_repair,real_multi,repair,3,26.3833333333333
dynamic_plus_repair,real_multi,repair,4,509.216666666667
dynamic_plus_repair,real_multi,repair,5,33.6
dynamic_plus_repair,real_multi,repair,6,35.1333333333333
dynamic_plus_repair,real_multi,repair,7,0
dynamic_plus_repair,real_multi,local_search,1,24.9666666666667
dynamic_full_baseline,real_single,destroy,1,66.4
dynamic_full_baseline,real_single,destroy,2,71.8333333333333
dynamic_full_baseline,real_single,destroy,3,66.2666666666667
dynamic_full_baseline,real_single,destroy,4,75.7666666666667
dynamic_full_baseline,real_single,destroy,5,69.3333333333333
dynamic_full_baseline,real_single,destroy,6,72.5833333333333
dynamic_full_baseline,real_single,destroy,7,65.7
dynamic_full_baseline,real_single,destroy,8,72.3833333333333
dynamic_full_baseline,real_single,destroy,9,1070.5
dynamic_full_baseline,real_single,repair,1,29.2
dynamic_full_baseline,real_single,repair,2,27.9333333333333
dynamic_full_baseline,real_single,repair,3,28.8166666666667
dynamic_full_baseline,real_single,repair,4,750.05
dynamic_full_baseline,real_single,repair,5,26.7333333333333
dynamic_full_baseline,real_single,repair,6,30.7
dynamic_full_baseline,real_single,repair,7,737.333333333333
dynamic_full_baseline,real_single,local_search,1,75.3333333333333
dynamic_full_baseline,real_multi,destroy,1,70.3166666666667
dynamic_full_baseline,real_multi,destroy,2,52.55
dynamic_full_baseline,real_multi,destroy,3,58.25
dynamic_full_baseline,real_multi,destroy,4,54.35
dynamic_full_baseline,real_multi,destroy,5,52.2666666666667
dynamic_full_baseline,real_multi,destroy,6,47.55
dynamic_full_baseline,real_multi,destroy,7,53.0166666666667
dynamic_full_baseline,real_multi,destroy,8,50.5
dynamic_full_baseline,real_multi,destroy,9,865.233333333333
dynamic_full_baseline,real_multi,repair,1,22.9333333333333
dynamic_full_baseline,real_multi,repair,2,24.0833333333333
dynamic_full_baseline,real_multi,repair,3,22.7333333333333
dynamic_full_baseline,real_multi,repair,4,592.216666666667
dynamic_full_baseline,real_multi,repair,5,24.5166666666667
dynamic_full_baseline,real_multi,repair,6,24.7833333333333
dynamic_full_baseline,real_multi,repair,7,592.766666666667
dynamic_full_baseline,real_multi,local_search,1,86.5
no_adaptive,real_single,destroy,1,45.9166666666667
no_adaptive,real_single,destroy,2,45.4833333333333
no_adaptive,real_single,destroy,3,44.4
no_adaptive,real_single,destroy,4,45.5166666666667
no_adaptive,real_single,destroy,5,44.5
no_adaptive,real_single,destroy,6,45.7166666666667
no_adaptive,real_single,destroy,7,45.5833333333333
no_adaptive,real_single,destroy,8,46.2
no_adaptive,real_single,destroy,9,44.95
no_adaptive,real_single,repair,1,58.2166666666667
no_adaptive,real_single,repair,2,57.6333333333333
no_adaptive,real_single,repair,3,57.7166666666667
no_adaptive,real_single,repair,4,58.8333333333333
no_adaptive,real_single,repair,5,59.0166666666667
no_adaptive,real_single,repair,6,58.75
no_adaptive,real_single,repair,7,58.1
no_adaptive,real_single,local_search,1,18.3
no_adaptive,real_multi,destroy,1,55.6666666666667
no_adaptive,real_multi,destroy,2,56.6666666666667
no_adaptive,real_multi,destroy,3,55.25
no_adaptive,real_multi,destroy,4,55.1833333333333
no_adaptive,real_multi,destroy,5,57.3
no_adaptive,real_multi,destroy,6,58.25
no_adaptive,real_multi,destroy,7,57.1833333333333
no_adaptive,real_multi,destroy,8,56.4
no_adaptive,real_multi,destroy,9,58.3333333333333
no_adaptive,real_multi,repair,1,72.4166666666667
no_adaptive,real_multi,repair,2,74.3
no_adaptive,real_multi,repair,3,72.8833333333333
no_adaptive,real_multi,repair,4,72.4333333333333
no_adaptive,real_multi,repair,5,72.5
no_adaptive,real_multi,repair,6,72.5
no_adaptive,real_multi,repair,7,73.2
no_adaptive,real_multi,local_search,1,23.5
