Mode,Weather,Platform,Case,Scenario,Objective,UnservedCount,ServedCustomers,TotalCustomers
Static,Cos,Single,C101_25.txt,"06:00/08:00/14:00最低温(-15.0°C),η=0.47",1817.765,0,25,25
Static,Cos,Single,C101_25.txt,"06:00/08:00/14:00平均温(-8.3°C),η=0.59",1805.6775,0,25,25
Static,Cos,Single,C101_25.txt,"06:00/08:00/14:00最高温(0.0°C),η=0.74",1791.4324,0,25,25
Static,Cos,Single,C201_25.txt,"06:00/08:00/14:00最低温(-15.0°C),η=0.47",1914.8628,0,25,25
Static,Cos,Single,C201_25.txt,"06:00/08:00/14:00平均温(-8.3°C),η=0.59",1897.9407,0,25,25
Static,Cos,Single,C201_25.txt,"06:00/08:00/14:00最高温(0.0°C),η=0.74",1877.998,0,25,25
Static,Cos,Single,R102_25.txt,"06:00/08:00/14:00最低温(-15.0°C),η=0.47",4390.7968,0,25,25
Static,Cos,Single,R102_25.txt,"06:00/08:00/14:00平均温(-8.3°C),η=0.59",4339.7676,0,25,25
Static,Cos,Single,R102_25.txt,"06:00/08:00/14:00最高温(0.0°C),η=0.74",4295.8173,0,25,25
Static,Cos,Single,R202_25.txt,"06:00/08:00/14:00最低温(-15.0°C),η=0.47",3192.26,0,25,25
Static,Cos,Single,R202_25.txt,"06:00/08:00/14:00平均温(-8.3°C),η=0.59",2595.7079,0,25,25
Static,Cos,Single,R202_25.txt,"06:00/08:00/14:00最高温(0.0°C),η=0.74",2047.3125,0,25,25
Static,Cos,Single,C102_50.txt,"06:00/08:00/14:00最低温(-15.0°C),η=0.47",3083.3742,0,50,50
Static,Cos,Single,C102_50.txt,"06:00/08:00/14:00平均温(-8.3°C),η=0.59",3060.5513,0,50,50
Static,Cos,Single,C102_50.txt,"06:00/08:00/14:00最高温(0.0°C),η=0.74",3033.6545,0,50,50
Static,Cos,Single,C202_50.txt,"06:00/08:00/14:00最低温(-15.0°C),η=0.47",3229.2097,0,50,50
Static,Cos,Single,C202_50.txt,"06:00/08:00/14:00平均温(-8.3°C),η=0.59",3202.6115,0,50,50
Static,Cos,Single,C202_50.txt,"06:00/08:00/14:00最高温(0.0°C),η=0.74",3193.6398,0,50,50
Static,Cos,Single,R101_50.txt,"06:00/08:00/14:00最低温(-15.0°C),η=0.47",7645.8829,0,50,50
Static,Cos,Single,R101_50.txt,"06:00/08:00/14:00平均温(-8.3°C),η=0.59",7603.6665,0,50,50
Static,Cos,Single,R101_50.txt,"06:00/08:00/14:00最高温(0.0°C),η=0.74",7503.4079,0,50,50
Static,Cos,Single,R201_50.txt,"06:00/08:00/14:00最低温(-15.0°C),η=0.47",5841.7728,0,50,50
Static,Cos,Single,R201_50.txt,"06:00/08:00/14:00平均温(-8.3°C),η=0.59",4672.9061,0,50,50
Static,Cos,Single,R201_50.txt,"06:00/08:00/14:00最高温(0.0°C),η=0.74",4081.9062,0,50,50
Static,Cos,Single,C101_100.txt,"06:00/08:00/14:00最低温(-15.0°C),η=0.47",8932.4485,2,98,100
Static,Cos,Single,C101_100.txt,"06:00/08:00/14:00平均温(-8.3°C),η=0.59",6246.8901,0,100,100
Static,Cos,Single,C101_100.txt,"06:00/08:00/14:00最高温(0.0°C),η=0.74",6185.3287,0,100,100
Static,Cos,Single,C201_100.txt,"06:00/08:00/14:00最低温(-15.0°C),η=0.47",8531.1288,2,98,100
Static,Cos,Single,C201_100.txt,"06:00/08:00/14:00平均温(-8.3°C),η=0.59",6415.9523,0,100,100
Static,Cos,Single,C201_100.txt,"06:00/08:00/14:00最高温(0.0°C),η=0.74",6320.0994,0,100,100
Static,Cos,Single,R102_100.txt,"06:00/08:00/14:00最低温(-15.0°C),η=0.47",11981.7338,0,100,100
Static,Cos,Single,R102_100.txt,"06:00/08:00/14:00平均温(-8.3°C),η=0.59",11306.4759,0,100,100
Static,Cos,Single,R102_100.txt,"06:00/08:00/14:00最高温(0.0°C),η=0.74",10705.415,0,100,100
Static,Cos,Single,R202_100.txt,"06:00/08:00/14:00最低温(-15.0°C),η=0.47",7792.517,0,100,100
Static,Cos,Single,R202_100.txt,"06:00/08:00/14:00平均温(-8.3°C),η=0.59",6635.5114,0,100,100
Static,Cos,Single,R202_100.txt,"06:00/08:00/14:00最高温(0.0°C),η=0.74",5467.4866,0,100,100
Static,Cos,Multi,C101_25.txt,"06:00/08:00/14:00最低温(-15.0°C),η=0.47",1817.765,0,25,25
Static,Cos,Multi,C101_25.txt,"06:00/08:00/14:00平均温(-8.3°C),η=0.59",1805.6775,0,25,25
Static,Cos,Multi,C101_25.txt,"06:00/08:00/14:00最高温(0.0°C),η=0.74",1791.4324,0,25,25
Static,Cos,Multi,C201_25.txt,"06:00/08:00/14:00最低温(-15.0°C),η=0.47",1914.8628,0,25,25
Static,Cos,Multi,C201_25.txt,"06:00/08:00/14:00平均温(-8.3°C),η=0.59",1897.9407,0,25,25
Static,Cos,Multi,C201_25.txt,"06:00/08:00/14:00最高温(0.0°C),η=0.74",1877.998,0,25,25
Static,Cos,Multi,R102_25.txt,"06:00/08:00/14:00最低温(-15.0°C),η=0.47",4251.4035,0,25,25
Static,Cos,Multi,R102_25.txt,"06:00/08:00/14:00平均温(-8.3°C),η=0.59",4226.3756,0,25,25
Static,Cos,Multi,R102_25.txt,"06:00/08:00/14:00最高温(0.0°C),η=0.74",4189.433,0,25,25
Static,Cos,Multi,R202_25.txt,"06:00/08:00/14:00最低温(-15.0°C),η=0.47",2572.4367,0,25,25
Static,Cos,Multi,R202_25.txt,"06:00/08:00/14:00平均温(-8.3°C),η=0.59",2548.9136,0,25,25
Static,Cos,Multi,R202_25.txt,"06:00/08:00/14:00最高温(0.0°C),η=0.74",2030.2609,0,25,25
Static,Cos,Multi,C102_50.txt,"06:00/08:00/14:00最低温(-15.0°C),η=0.47",3029.5637,0,50,50
Static,Cos,Multi,C102_50.txt,"06:00/08:00/14:00平均温(-8.3°C),η=0.59",3009.4201,0,50,50
Static,Cos,Multi,C102_50.txt,"06:00/08:00/14:00最高温(0.0°C),η=0.74",2985.6809,0,50,50
Static,Cos,Multi,C202_50.txt,"06:00/08:00/14:00最低温(-15.0°C),η=0.47",3184.8676,0,50,50
Static,Cos,Multi,C202_50.txt,"06:00/08:00/14:00平均温(-8.3°C),η=0.59",3156.9913,0,50,50
Static,Cos,Multi,C202_50.txt,"06:00/08:00/14:00最高温(0.0°C),η=0.74",3136.5677,0,50,50
Static,Cos,Multi,R101_50.txt,"06:00/08:00/14:00最低温(-15.0°C),η=0.47",7471.7935,0,50,50
Static,Cos,Multi,R101_50.txt,"06:00/08:00/14:00平均温(-8.3°C),η=0.59",7413.8362,0,50,50
Static,Cos,Multi,R101_50.txt,"06:00/08:00/14:00最高温(0.0°C),η=0.74",7387.2495,0,50,50
Static,Cos,Multi,R201_50.txt,"06:00/08:00/14:00最低温(-15.0°C),η=0.47",5150.8498,0,50,50
Static,Cos,Multi,R201_50.txt,"06:00/08:00/14:00平均温(-8.3°C),η=0.59",4038.942,0,50,50
Static,Cos,Multi,R201_50.txt,"06:00/08:00/14:00最高温(0.0°C),η=0.74",3463.6373,0,50,50
Static,Cos,Multi,C101_100.txt,"06:00/08:00/14:00最低温(-15.0°C),η=0.47",6165.0824,0,100,100
Static,Cos,Multi,C101_100.txt,"06:00/08:00/14:00平均温(-8.3°C),η=0.59",6119.5196,0,100,100
Static,Cos,Multi,C101_100.txt,"06:00/08:00/14:00最高温(0.0°C),η=0.74",6065.8238,0,100,100
Static,Cos,Multi,C201_100.txt,"06:00/08:00/14:00最低温(-15.0°C),η=0.47",6351.8034,0,100,100
Static,Cos,Multi,C201_100.txt,"06:00/08:00/14:00平均温(-8.3°C),η=0.59",6309.3657,0,100,100
Static,Cos,Multi,C201_100.txt,"06:00/08:00/14:00最高温(0.0°C),η=0.74",6235.4216,0,100,100
Static,Cos,Multi,R102_100.txt,"06:00/08:00/14:00最低温(-15.0°C),η=0.47",11155.5514,0,100,100
Static,Cos,Multi,R102_100.txt,"06:00/08:00/14:00平均温(-8.3°C),η=0.59",11075.5143,0,100,100
Static,Cos,Multi,R102_100.txt,"06:00/08:00/14:00最高温(0.0°C),η=0.74",10943.0014,0,100,100
Static,Cos,Multi,R202_100.txt,"06:00/08:00/14:00最低温(-15.0°C),η=0.47",7099.0805,0,100,100
Static,Cos,Multi,R202_100.txt,"06:00/08:00/14:00平均温(-8.3°C),η=0.59",5933.7694,0,100,100
Static,Cos,Multi,R202_100.txt,"06:00/08:00/14:00最高温(0.0°C),η=0.74",5350.1865,0,100,100
Static,Real,Single,C101_25.txt,"06:00/08:00/14:00最低温(-18.1°C),η=0.41",1823.5613,0,25,25
Static,Real,Single,C101_25.txt,"06:00/08:00/14:00平均温(-13.1°C),η=0.51",1814.2043,0,25,25
Static,Real,Single,C101_25.txt,"06:00/08:00/14:00最高温(-3.1°C),η=0.69",1796.6042,0,25,25
Static,Real,Single,C201_25.txt,"06:00/08:00/14:00最低温(-18.1°C),η=0.41",1941.4511,0,25,25
Static,Real,Single,C201_25.txt,"06:00/08:00/14:00平均温(-13.1°C),η=0.51",1909.8779,0,25,25
Static,Real,Single,C201_25.txt,"06:00/08:00/14:00最高温(-3.1°C),η=0.69",1885.2383,0,25,25
Static,Real,Single,R102_25.txt,"06:00/08:00/14:00最低温(-18.1°C),η=0.41",4414.7317,0,25,25
Static,Real,Single,R102_25.txt,"06:00/08:00/14:00平均温(-13.1°C),η=0.51",4363.2902,0,25,25
Static,Real,Single,R102_25.txt,"06:00/08:00/14:00最高温(-3.1°C),η=0.69",4313.62,0,25,25
Static,Real,Single,R202_25.txt,"06:00/08:00/14:00最低温(-18.1°C),η=0.41",3215.2869,0,25,25
Static,Real,Single,R202_25.txt,"06:00/08:00/14:00平均温(-13.1°C),η=0.51",2613.1521,0,25,25
Static,Real,Single,R202_25.txt,"06:00/08:00/14:00最高温(-3.1°C),η=0.69",2058.5987,0,25,25
Static,Real,Single,C102_50.txt,"06:00/08:00/14:00最低温(-18.1°C),η=0.41",3094.3183,0,50,50
Static,Real,Single,C102_50.txt,"06:00/08:00/14:00平均温(-13.1°C),η=0.51",3076.651,0,50,50
Static,Real,Single,C102_50.txt,"06:00/08:00/14:00最高温(-3.1°C),η=0.69",3043.4195,0,50,50
Static,Real,Single,C202_50.txt,"06:00/08:00/14:00最低温(-18.1°C),η=0.41",3836.6482,0,50,50
Static,Real,Single,C202_50.txt,"06:00/08:00/14:00平均温(-13.1°C),η=0.51",3226.0951,0,50,50
Static,Real,Single,C202_50.txt,"06:00/08:00/14:00最高温(-3.1°C),η=0.69",3176.5431,0,50,50
Static,Real,Single,R101_50.txt,"06:00/08:00/14:00最低温(-18.1°C),η=0.41",8247.6898,0,50,50
Static,Real,Single,R101_50.txt,"06:00/08:00/14:00平均温(-13.1°C),η=0.51",7641.3555,0,50,50
Static,Real,Single,R101_50.txt,"06:00/08:00/14:00最高温(-3.1°C),η=0.69",7557.8484,0,50,50
Static,Real,Single,R201_50.txt,"06:00/08:00/14:00最低温(-18.1°C),η=0.41",6408.4488,0,50,50
Static,Real,Single,R201_50.txt,"06:00/08:00/14:00平均温(-13.1°C),η=0.51",5838.6173,0,50,50
Static,Real,Single,R201_50.txt,"06:00/08:00/14:00最高温(-3.1°C),η=0.69",4111.2858,0,50,50
Static,Real,Single,C101_100.txt,"06:00/08:00/14:00最低温(-18.1°C),η=0.41",12224.1826,8,92,100
Static,Real,Single,C101_100.txt,"06:00/08:00/14:00平均温(-13.1°C),η=0.51",6937.1651,0,100,100
Static,Real,Single,C101_100.txt,"06:00/08:00/14:00最高温(-3.1°C),η=0.69",6207.6789,0,100,100
Static,Real,Single,C201_100.txt,"06:00/08:00/14:00最低温(-18.1°C),η=0.41",11703.9736,6,94,100
Static,Real,Single,C201_100.txt,"06:00/08:00/14:00平均温(-13.1°C),η=0.51",6607.8717,0,100,100
Static,Real,Single,C201_100.txt,"06:00/08:00/14:00最高温(-3.1°C),η=0.69",6380.0859,0,100,100
Static,Real,Single,R102_100.txt,"06:00/08:00/14:00最低温(-18.1°C),η=0.41",12744.3316,1,99,100
Static,Real,Single,R102_100.txt,"06:00/08:00/14:00平均温(-13.1°C),η=0.51",11345.6274,0,100,100
Static,Real,Single,R102_100.txt,"06:00/08:00/14:00最高温(-3.1°C),η=0.69",10722.4417,0,100,100
Static,Real,Single,R202_100.txt,"06:00/08:00/14:00最低温(-18.1°C),η=0.41",10198.3815,1,99,100
Static,Real,Single,R202_100.txt,"06:00/08:00/14:00平均温(-13.1°C),η=0.51",7267.295,0,100,100
Static,Real,Single,R202_100.txt,"06:00/08:00/14:00最高温(-3.1°C),η=0.69",5543.8505,0,100,100
Static,Real,Multi,C101_25.txt,"06:00/08:00/14:00最低温(-18.1°C),η=0.41",1823.5613,0,25,25
Static,Real,Multi,C101_25.txt,"06:00/08:00/14:00平均温(-13.1°C),η=0.51",1814.2043,0,25,25
Static,Real,Multi,C101_25.txt,"06:00/08:00/14:00最高温(-3.1°C),η=0.69",1796.6042,0,25,25
Static,Real,Multi,C201_25.txt,"06:00/08:00/14:00最低温(-18.1°C),η=0.41",1941.4511,0,25,25
Static,Real,Multi,C201_25.txt,"06:00/08:00/14:00平均温(-13.1°C),η=0.51",1909.8779,0,25,25
Static,Real,Multi,C201_25.txt,"06:00/08:00/14:00最高温(-3.1°C),η=0.69",1885.2383,0,25,25
Static,Real,Multi,R102_25.txt,"06:00/08:00/14:00最低温(-18.1°C),η=0.41",4277.2392,0,25,25
Static,Real,Multi,R102_25.txt,"06:00/08:00/14:00平均温(-13.1°C),η=0.51",4262.1534,0,25,25
Static,Real,Multi,R102_25.txt,"06:00/08:00/14:00最高温(-3.1°C),η=0.69",4210.0855,0,25,25
Static,Real,Multi,R202_25.txt,"06:00/08:00/14:00最低温(-18.1°C),η=0.41",3120.5208,0,25,25
Static,Real,Multi,R202_25.txt,"06:00/08:00/14:00平均温(-13.1°C),η=0.51",2565.5073,0,25,25
Static,Real,Multi,R202_25.txt,"06:00/08:00/14:00最高温(-3.1°C),η=0.69",2037.4352,0,25,25
Static,Real,Multi,C102_50.txt,"06:00/08:00/14:00最低温(-18.1°C),η=0.41",3039.2231,0,50,50
Static,Real,Multi,C102_50.txt,"06:00/08:00/14:00平均温(-13.1°C),η=0.51",3023.6299,0,50,50
Static,Real,Multi,C102_50.txt,"06:00/08:00/14:00最高温(-3.1°C),η=0.69",2994.2995,0,50,50
Static,Real,Multi,C202_50.txt,"06:00/08:00/14:00最低温(-18.1°C),η=0.41",3770.7874,0,50,50
Static,Real,Multi,C202_50.txt,"06:00/08:00/14:00平均温(-13.1°C),η=0.51",3177.0552,0,50,50
Static,Real,Multi,C202_50.txt,"06:00/08:00/14:00最高温(-3.1°C),η=0.69",3145.3006,0,50,50
Static,Real,Multi,R101_50.txt,"06:00/08:00/14:00最低温(-18.1°C),η=0.41",7594.3113,0,50,50
Static,Real,Multi,R101_50.txt,"06:00/08:00/14:00平均温(-13.1°C),η=0.51",7461.7581,0,50,50
Static,Real,Multi,R101_50.txt,"06:00/08:00/14:00最高温(-3.1°C),η=0.69",7416.9301,0,50,50
Static,Real,Multi,R201_50.txt,"06:00/08:00/14:00最低温(-18.1°C),η=0.41",5737.7474,0,50,50
Static,Real,Multi,R201_50.txt,"06:00/08:00/14:00平均温(-13.1°C),η=0.51",4598.2818,0,50,50
Static,Real,Multi,R201_50.txt,"06:00/08:00/14:00最高温(-3.1°C),η=0.69",3983.9584,0,50,50
Static,Real,Multi,C101_100.txt,"06:00/08:00/14:00最低温(-18.1°C),η=0.41",6186.931,0,100,100
Static,Real,Multi,C101_100.txt,"06:00/08:00/14:00平均温(-13.1°C),η=0.51",6151.6606,0,100,100
Static,Real,Multi,C101_100.txt,"06:00/08:00/14:00最高温(-3.1°C),η=0.69",6085.3183,0,100,100
Static,Real,Multi,C201_100.txt,"06:00/08:00/14:00最低温(-18.1°C),η=0.41",7014.1249,0,100,100
Static,Real,Multi,C201_100.txt,"06:00/08:00/14:00平均温(-13.1°C),η=0.51",6348.2847,0,100,100
Static,Real,Multi,C201_100.txt,"06:00/08:00/14:00最高温(-3.1°C),η=0.69",6258.2352,0,100,100
Static,Real,Multi,R102_100.txt,"06:00/08:00/14:00最低温(-18.1°C),η=0.41",11766.653,0,100,100
Static,Real,Multi,R102_100.txt,"06:00/08:00/14:00平均温(-13.1°C),η=0.51",11156.9837,0,100,100
Static,Real,Multi,R102_100.txt,"06:00/08:00/14:00最高温(-3.1°C),η=0.69",10957.0371,0,100,100
Static,Real,Multi,R202_100.txt,"06:00/08:00/14:00最低温(-18.1°C),η=0.41",7678.5045,0,100,100
Static,Real,Multi,R202_100.txt,"06:00/08:00/14:00平均温(-13.1°C),η=0.51",6533.3402,0,100,100
Static,Real,Multi,R202_100.txt,"06:00/08:00/14:00最高温(-3.1°C),η=0.69",5417.8975,0,100,100
Dynamic,Cos,Single,C101_25.txt,"固定00:00调度/温度参考06:00(-15.0°C,η=0.47)",1807.4963,0,25,25
Dynamic,Cos,Single,C101_25.txt,"固定00:00调度/温度参考08:00(-10.0°C,η=0.56)",1806.7516,0,25,25
Dynamic,Cos,Single,C101_25.txt,"固定00:00调度/温度参考14:00(+0.0°C,η=0.74)",1877.9341,6,19,25
Dynamic,Cos,Single,C201_25.txt,"固定00:00调度/温度参考06:00(-15.0°C,η=0.47)",1912.0387,0,25,25
Dynamic,Cos,Single,C201_25.txt,"固定00:00调度/温度参考08:00(-10.0°C,η=0.56)",1905.6274,0,25,25
Dynamic,Cos,Single,C201_25.txt,"固定00:00调度/温度参考14:00(+0.0°C,η=0.74)",1895.4558,0,25,25
Dynamic,Cos,Single,R102_25.txt,"固定00:00调度/温度参考06:00(-15.0°C,η=0.47)",4356.8698,0,25,25
Dynamic,Cos,Single,R102_25.txt,"固定00:00调度/温度参考08:00(-10.0°C,η=0.56)",4330.0615,0,25,25
Dynamic,Cos,Single,R102_25.txt,"固定00:00调度/温度参考14:00(+0.0°C,η=0.74)",4304.0633,0,25,25
Dynamic,Cos,Single,R202_25.txt,"固定00:00调度/温度参考06:00(-15.0°C,η=0.47)",2610.4376,0,25,25
Dynamic,Cos,Single,R202_25.txt,"固定00:00调度/温度参考08:00(-10.0°C,η=0.56)",2642.3645,0,25,25
Dynamic,Cos,Single,R202_25.txt,"固定00:00调度/温度参考14:00(+0.0°C,η=0.74)",3184.9565,0,25,25
Dynamic,Cos,Single,C102_50.txt,"固定00:00调度/温度参考06:00(-15.0°C,η=0.47)",3061.231,0,50,50
Dynamic,Cos,Single,C102_50.txt,"固定00:00调度/温度参考08:00(-10.0°C,η=0.56)",3059.4052,0,50,50
Dynamic,Cos,Single,C102_50.txt,"固定00:00调度/温度参考14:00(+0.0°C,η=0.74)",3100.0587,0,50,50
Dynamic,Cos,Single,C202_50.txt,"固定00:00调度/温度参考06:00(-15.0°C,η=0.47)",3278.1504,0,50,50
Dynamic,Cos,Single,C202_50.txt,"固定00:00调度/温度参考08:00(-10.0°C,η=0.56)",3244.4894,0,50,50
Dynamic,Cos,Single,C202_50.txt,"固定00:00调度/温度参考14:00(+0.0°C,η=0.74)",3189.4614,0,50,50
Dynamic,Cos,Single,R101_50.txt,"固定00:00调度/温度参考06:00(-15.0°C,η=0.47)",7635.2417,0,50,50
Dynamic,Cos,Single,R101_50.txt,"固定00:00调度/温度参考08:00(-10.0°C,η=0.56)",7580.0691,0,50,50
Dynamic,Cos,Single,R101_50.txt,"固定00:00调度/温度参考14:00(+0.0°C,η=0.74)",7525.0764,0,50,50
Dynamic,Cos,Single,R201_50.txt,"固定00:00调度/温度参考06:00(-15.0°C,η=0.47)",4160.7347,0,50,50
Dynamic,Cos,Single,R201_50.txt,"固定00:00调度/温度参考08:00(-10.0°C,η=0.56)",4685.7384,0,50,50
Dynamic,Cos,Single,R201_50.txt,"固定00:00调度/温度参考14:00(+0.0°C,η=0.74)",6341.8283,0,50,50
Dynamic,Cos,Single,C101_100.txt,"固定00:00调度/温度参考06:00(-15.0°C,η=0.47)",6890.139,0,100,100
Dynamic,Cos,Single,C101_100.txt,"固定00:00调度/温度参考08:00(-10.0°C,η=0.56)",6888.9973,0,100,100
Dynamic,Cos,Single,C101_100.txt,"固定00:00调度/温度参考14:00(+0.0°C,η=0.74)",10751.8807,9,91,100
Dynamic,Cos,Single,C201_100.txt,"固定00:00调度/温度参考06:00(-15.0°C,η=0.47)",6487.2137,0,100,100
Dynamic,Cos,Single,C201_100.txt,"固定00:00调度/温度参考08:00(-10.0°C,η=0.56)",6457.3297,0,100,100
Dynamic,Cos,Single,C201_100.txt,"固定00:00调度/温度参考14:00(+0.0°C,η=0.74)",6389.6038,0,100,100
Dynamic,Cos,Single,R102_100.txt,"固定00:00调度/温度参考06:00(-15.0°C,η=0.47)",10883.6993,0,100,100
Dynamic,Cos,Single,R102_100.txt,"固定00:00调度/温度参考08:00(-10.0°C,η=0.56)",10786.4609,0,100,100
Dynamic,Cos,Single,R102_100.txt,"固定00:00调度/温度参考14:00(+0.0°C,η=0.74)",11194.8936,0,100,100
Dynamic,Cos,Single,R202_100.txt,"固定00:00调度/温度参考06:00(-15.0°C,η=0.47)",6099.0427,0,100,100
Dynamic,Cos,Single,R202_100.txt,"固定00:00调度/温度参考08:00(-10.0°C,η=0.56)",6606.5054,0,100,100
Dynamic,Cos,Single,R202_100.txt,"固定00:00调度/温度参考14:00(+0.0°C,η=0.74)",8933.1365,0,100,100
Dynamic,Cos,Multi,C101_25.txt,"固定00:00调度/温度参考06:00(-15.0°C,η=0.47)",1807.4963,0,25,25
Dynamic,Cos,Multi,C101_25.txt,"固定00:00调度/温度参考08:00(-10.0°C,η=0.56)",1806.7516,0,25,25
Dynamic,Cos,Multi,C101_25.txt,"固定00:00调度/温度参考14:00(+0.0°C,η=0.74)",1874.3956,0,25,25
Dynamic,Cos,Multi,C201_25.txt,"固定00:00调度/温度参考06:00(-15.0°C,η=0.47)",1918.4146,0,25,25
Dynamic,Cos,Multi,C201_25.txt,"固定00:00调度/温度参考08:00(-10.0°C,η=0.56)",1904.2948,0,25,25
Dynamic,Cos,Multi,C201_25.txt,"固定00:00调度/温度参考14:00(+0.0°C,η=0.74)",1901.081,0,25,25
Dynamic,Cos,Multi,R102_25.txt,"固定00:00调度/温度参考06:00(-15.0°C,η=0.47)",4254.6458,0,25,25
Dynamic,Cos,Multi,R102_25.txt,"固定00:00调度/温度参考08:00(-10.0°C,η=0.56)",4233.6789,0,25,25
Dynamic,Cos,Multi,R102_25.txt,"固定00:00调度/温度参考14:00(+0.0°C,η=0.74)",4229.1115,0,25,25
Dynamic,Cos,Multi,R202_25.txt,"固定00:00调度/温度参考06:00(-15.0°C,η=0.47)",2050.4699,0,25,25
Dynamic,Cos,Multi,R202_25.txt,"固定00:00调度/温度参考08:00(-10.0°C,η=0.56)",2542.4327,0,25,25
Dynamic,Cos,Multi,R202_25.txt,"固定00:00调度/温度参考14:00(+0.0°C,η=0.74)",3117.2316,0,25,25
Dynamic,Cos,Multi,C102_50.txt,"固定00:00调度/温度参考06:00(-15.0°C,η=0.47)",3008.6207,0,50,50
Dynamic,Cos,Multi,C102_50.txt,"固定00:00调度/温度参考08:00(-10.0°C,η=0.56)",3007.3904,0,50,50
Dynamic,Cos,Multi,C102_50.txt,"固定00:00调度/温度参考14:00(+0.0°C,η=0.74)",3050.8409,0,50,50
Dynamic,Cos,Multi,C202_50.txt,"固定00:00调度/温度参考06:00(-15.0°C,η=0.47)",3223.8749,0,50,50
Dynamic,Cos,Multi,C202_50.txt,"固定00:00调度/温度参考08:00(-10.0°C,η=0.56)",3187.1724,0,50,50
Dynamic,Cos,Multi,C202_50.txt,"固定00:00调度/温度参考14:00(+0.0°C,η=0.74)",3148.7464,0,50,50
Dynamic,Cos,Multi,R101_50.txt,"固定00:00调度/温度参考06:00(-15.0°C,η=0.47)",7431.4107,0,50,50
Dynamic,Cos,Multi,R101_50.txt,"固定00:00调度/温度参考08:00(-10.0°C,η=0.56)",7422.19,0,50,50
Dynamic,Cos,Multi,R101_50.txt,"固定00:00调度/温度参考14:00(+0.0°C,η=0.74)",7386.7753,0,50,50
Dynamic,Cos,Multi,R201_50.txt,"固定00:00调度/温度参考06:00(-15.0°C,η=0.47)",4059.4739,0,50,50
Dynamic,Cos,Multi,R201_50.txt,"固定00:00调度/温度参考08:00(-10.0°C,η=0.56)",4544.5777,0,50,50
Dynamic,Cos,Multi,R201_50.txt,"固定00:00调度/温度参考14:00(+0.0°C,η=0.74)",6232.4283,0,50,50
Dynamic,Cos,Multi,C101_100.txt,"固定00:00调度/温度参考06:00(-15.0°C,η=0.47)",6123.2271,0,100,100
Dynamic,Cos,Multi,C101_100.txt,"固定00:00调度/温度参考08:00(-10.0°C,η=0.56)",6121.084,0,100,100
Dynamic,Cos,Multi,C101_100.txt,"固定00:00调度/温度参考14:00(+0.0°C,η=0.74)",6734.8061,0,100,100
Dynamic,Cos,Multi,C201_100.txt,"固定00:00调度/温度参考06:00(-15.0°C,η=0.47)",6357.239,0,100,100
Dynamic,Cos,Multi,C201_100.txt,"固定00:00调度/温度参考08:00(-10.0°C,η=0.56)",6335.1317,0,100,100
Dynamic,Cos,Multi,C201_100.txt,"固定00:00调度/温度参考14:00(+0.0°C,η=0.74)",6325.2203,0,100,100
Dynamic,Cos,Multi,R102_100.txt,"固定00:00调度/温度参考06:00(-15.0°C,η=0.47)",11132.5301,0,100,100
Dynamic,Cos,Multi,R102_100.txt,"固定00:00调度/温度参考08:00(-10.0°C,η=0.56)",11007.0361,0,100,100
Dynamic,Cos,Multi,R102_100.txt,"固定00:00调度/温度参考14:00(+0.0°C,η=0.74)",11006.7811,0,100,100
Dynamic,Cos,Multi,R202_100.txt,"固定00:00调度/温度参考06:00(-15.0°C,η=0.47)",5944.1337,0,100,100
Dynamic,Cos,Multi,R202_100.txt,"固定00:00调度/温度参考08:00(-10.0°C,η=0.56)",6436.1539,0,100,100
Dynamic,Cos,Multi,R202_100.txt,"固定00:00调度/温度参考14:00(+0.0°C,η=0.74)",7623.2994,0,100,100
Dynamic,Real,Single,C101_25.txt,"固定00:00调度/温度参考06:00(-18.0°C,η=0.41)",1809.8302,0,25,25
Dynamic,Real,Single,C101_25.txt,"固定00:00调度/温度参考08:00(-18.1°C,η=0.41)",1809.0817,0,25,25
Dynamic,Real,Single,C101_25.txt,"固定00:00调度/温度参考14:00(-3.1°C,η=0.69)",1808.072,0,25,25
Dynamic,Real,Single,C201_25.txt,"固定00:00调度/温度参考06:00(-18.0°C,η=0.41)",1909.0793,0,25,25
Dynamic,Real,Single,C201_25.txt,"固定00:00调度/温度参考08:00(-18.1°C,η=0.41)",1912.3146,0,25,25
Dynamic,Real,Single,C201_25.txt,"固定00:00调度/温度参考14:00(-3.1°C,η=0.69)",1898.628,0,25,25
Dynamic,Real,Single,R102_25.txt,"固定00:00调度/温度参考06:00(-18.0°C,η=0.41)",4382.6498,0,25,25
Dynamic,Real,Single,R102_25.txt,"固定00:00调度/温度参考08:00(-18.1°C,η=0.41)",4365.4864,0,25,25
Dynamic,Real,Single,R102_25.txt,"固定00:00调度/温度参考14:00(-3.1°C,η=0.69)",4313.1772,0,25,25
Dynamic,Real,Single,R202_25.txt,"固定00:00调度/温度参考06:00(-18.0°C,η=0.41)",2095.5498,0,25,25
Dynamic,Real,Single,R202_25.txt,"固定00:00调度/温度参考08:00(-18.1°C,η=0.41)",2077.0367,0,25,25
Dynamic,Real,Single,R202_25.txt,"固定00:00调度/温度参考14:00(-3.1°C,η=0.69)",3165.187,0,25,25
Dynamic,Real,Single,C102_50.txt,"固定00:00调度/温度参考06:00(-18.0°C,η=0.41)",3068.598,0,50,50
Dynamic,Real,Single,C102_50.txt,"固定00:00调度/温度参考08:00(-18.1°C,η=0.41)",3067.6962,0,50,50
Dynamic,Real,Single,C102_50.txt,"固定00:00调度/温度参考14:00(-3.1°C,η=0.69)",3114.0812,0,50,50
Dynamic,Real,Single,C202_50.txt,"固定00:00调度/温度参考06:00(-18.0°C,η=0.41)",3272.3713,0,50,50
Dynamic,Real,Single,C202_50.txt,"固定00:00调度/温度参考08:00(-18.1°C,η=0.41)",3277.0421,0,50,50
Dynamic,Real,Single,C202_50.txt,"固定00:00调度/温度参考14:00(-3.1°C,η=0.69)",3220.1191,0,50,50
Dynamic,Real,Single,R101_50.txt,"固定00:00调度/温度参考06:00(-18.0°C,η=0.41)",8221.1856,4,46,50
Dynamic,Real,Single,R101_50.txt,"固定00:00调度/温度参考08:00(-18.1°C,η=0.41)",7653.3936,0,50,50
Dynamic,Real,Single,R101_50.txt,"固定00:00调度/温度参考14:00(-3.1°C,η=0.69)",7552.9546,0,50,50
Dynamic,Real,Single,R201_50.txt,"固定00:00调度/温度参考06:00(-18.0°C,η=0.41)",4122.8017,0,50,50
Dynamic,Real,Single,R201_50.txt,"固定00:00调度/温度参考08:00(-18.1°C,η=0.41)",4163.8788,0,50,50
Dynamic,Real,Single,R201_50.txt,"固定00:00调度/温度参考14:00(-3.1°C,η=0.69)",5775.835,0,50,50
Dynamic,Real,Single,C101_100.txt,"固定00:00调度/温度参考06:00(-18.0°C,η=0.41)",6264.431,0,100,100
Dynamic,Real,Single,C101_100.txt,"固定00:00调度/温度参考08:00(-18.1°C,η=0.41)",6262.0456,0,100,100
Dynamic,Real,Single,C101_100.txt,"固定00:00调度/温度参考14:00(-3.1°C,η=0.69)",9483.5848,3,97,100
Dynamic,Real,Single,C201_100.txt,"固定00:00调度/温度参考06:00(-18.0°C,η=0.41)",6542.6454,17,83,100
Dynamic,Real,Single,C201_100.txt,"固定00:00调度/温度参考08:00(-18.1°C,η=0.41)",6519.4288,0,100,100
Dynamic,Real,Single,C201_100.txt,"固定00:00调度/温度参考14:00(-3.1°C,η=0.69)",6413.7453,0,100,100
Dynamic,Real,Single,R102_100.txt,"固定00:00调度/温度参考06:00(-18.0°C,η=0.41)",11496.8706,0,100,100
Dynamic,Real,Single,R102_100.txt,"固定00:00调度/温度参考08:00(-18.1°C,η=0.41)",11364.8034,0,100,100
Dynamic,Real,Single,R102_100.txt,"固定00:00调度/温度参考14:00(-3.1°C,η=0.69)",10769.0422,0,100,100
Dynamic,Real,Single,R202_100.txt,"固定00:00调度/温度参考06:00(-18.0°C,η=0.41)",6087.5092,0,100,100
Dynamic,Real,Single,R202_100.txt,"固定00:00调度/温度参考08:00(-18.1°C,η=0.41)",5517.0626,0,100,100
Dynamic,Real,Single,R202_100.txt,"固定00:00调度/温度参考14:00(-3.1°C,η=0.69)",7737.3017,0,100,100
Dynamic,Real,Multi,C101_25.txt,"固定00:00调度/温度参考06:00(-18.0°C,η=0.41)",1809.8302,0,25,25
Dynamic,Real,Multi,C101_25.txt,"固定00:00调度/温度参考08:00(-18.1°C,η=0.41)",1809.0817,0,25,25
Dynamic,Real,Multi,C101_25.txt,"固定00:00调度/温度参考14:00(-3.1°C,η=0.69)",1808.072,0,25,25
Dynamic,Real,Multi,C201_25.txt,"固定00:00调度/温度参考06:00(-18.0°C,η=0.41)",1909.0793,0,25,25
Dynamic,Real,Multi,C201_25.txt,"固定00:00调度/温度参考08:00(-18.1°C,η=0.41)",1910.488,0,25,25
Dynamic,Real,Multi,C201_25.txt,"固定00:00调度/温度参考14:00(-3.1°C,η=0.69)",1901.2625,0,25,25
Dynamic,Real,Multi,R102_25.txt,"固定00:00调度/温度参考06:00(-18.0°C,η=0.41)",4273.5625,0,25,25
Dynamic,Real,Multi,R102_25.txt,"固定00:00调度/温度参考08:00(-18.1°C,η=0.41)",4263.7589,0,25,25
Dynamic,Real,Multi,R102_25.txt,"固定00:00调度/温度参考14:00(-3.1°C,η=0.69)",4202.9292,0,25,25
Dynamic,Real,Multi,R202_25.txt,"固定00:00调度/温度参考06:00(-18.0°C,η=0.41)",2064.9261,0,25,25
Dynamic,Real,Multi,R202_25.txt,"固定00:00调度/温度参考08:00(-18.1°C,η=0.41)",2054.812,0,25,25
Dynamic,Real,Multi,R202_25.txt,"固定00:00调度/温度参考14:00(-3.1°C,η=0.69)",2548.1263,0,25,25
Dynamic,Real,Multi,C102_50.txt,"固定00:00调度/温度参考06:00(-18.0°C,η=0.41)",3015.3524,0,50,50
Dynamic,Real,Multi,C102_50.txt,"固定00:00调度/温度参考08:00(-18.1°C,η=0.41)",3014.3127,0,50,50
Dynamic,Real,Multi,C102_50.txt,"固定00:00调度/温度参考14:00(-3.1°C,η=0.69)",3010.8682,0,50,50
Dynamic,Real,Multi,C202_50.txt,"固定00:00调度/温度参考06:00(-18.0°C,η=0.41)",3213.4394,0,50,50
Dynamic,Real,Multi,C202_50.txt,"固定00:00调度/温度参考08:00(-18.1°C,η=0.41)",3220.387,0,50,50
Dynamic,Real,Multi,C202_50.txt,"固定00:00调度/温度参考14:00(-3.1°C,η=0.69)",3157.1451,0,50,50
Dynamic,Real,Multi,R101_50.txt,"固定00:00调度/温度参考06:00(-18.0°C,η=0.41)",7535.2113,0,50,50
Dynamic,Real,Multi,R101_50.txt,"固定00:00调度/温度参考08:00(-18.1°C,η=0.41)",7502.6873,0,50,50
Dynamic,Real,Multi,R101_50.txt,"固定00:00调度/温度参考14:00(-3.1°C,η=0.69)",7419.2422,0,50,50
Dynamic,Real,Multi,R201_50.txt,"固定00:00调度/温度参考06:00(-18.0°C,η=0.41)",4041.2208,0,50,50
Dynamic,Real,Multi,R201_50.txt,"固定00:00调度/温度参考08:00(-18.1°C,η=0.41)",4048.4203,0,50,50
Dynamic,Real,Multi,R201_50.txt,"固定00:00调度/温度参考14:00(-3.1°C,η=0.69)",5111.093,0,50,50
Dynamic,Real,Multi,C101_100.txt,"固定00:00调度/温度参考06:00(-18.0°C,η=0.41)",6133.7807,0,100,100
Dynamic,Real,Multi,C101_100.txt,"固定00:00调度/温度参考08:00(-18.1°C,η=0.41)",6131.0585,0,100,100
Dynamic,Real,Multi,C101_100.txt,"固定00:00调度/温度参考14:00(-3.1°C,η=0.69)",6127.187,0,100,100
Dynamic,Real,Multi,C201_100.txt,"固定00:00调度/温度参考06:00(-18.0°C,η=0.41)",6352.9197,0,100,100
Dynamic,Real,Multi,C201_100.txt,"固定00:00调度/温度参考08:00(-18.1°C,η=0.41)",6353.7071,11,89,100
Dynamic,Real,Multi,C201_100.txt,"固定00:00调度/温度参考14:00(-3.1°C,η=0.69)",6293.354,0,100,100
Dynamic,Real,Multi,R102_100.txt,"固定00:00调度/温度参考06:00(-18.0°C,η=0.41)",11724.0308,0,100,100
Dynamic,Real,Multi,R102_100.txt,"固定00:00调度/温度参考08:00(-18.1°C,η=0.41)",11101.1344,0,100,100
Dynamic,Real,Multi,R102_100.txt,"固定00:00调度/温度参考14:00(-3.1°C,η=0.69)",11120.908,0,100,100
Dynamic,Real,Multi,R202_100.txt,"固定00:00调度/温度参考06:00(-18.0°C,η=0.41)",5456.7077,0,100,100
Dynamic,Real,Multi,R202_100.txt,"固定00:00调度/温度参考08:00(-18.1°C,η=0.41)",5420.4113,0,100,100
Dynamic,Real,Multi,R202_100.txt,"固定00:00调度/温度参考14:00(-3.1°C,η=0.69)",7064.8544,0,100,100
