instance,variant,rep,fitness,runtime_sec
C101_25.txt,v1_rule_based,1,1809.8302,3.2384
C101_25.txt,v1_rule_based,2,1809.8302,2.8810
C101_25.txt,v1_rule_based,3,1809.8302,2.8265
C101_25.txt,v1_rule_based,4,1809.8302,3.8688
C101_25.txt,v1_rule_based,5,1876.0367,2.0159
C201_25.txt,v1_rule_based,1,1909.0793,1.6172
C201_25.txt,v1_rule_based,2,1909.0793,1.7799
C201_25.txt,v1_rule_based,3,1955.1668,4.7874
C201_25.txt,v1_rule_based,4,1913.6919,7.1610
C201_25.txt,v1_rule_based,5,1909.0793,1.8977
R102_25.txt,v1_rule_based,1,4282.2574,2.6092
R102_25.txt,v1_rule_based,2,4285.2366,4.1590
R102_25.txt,v1_rule_based,3,4314.8218,1.6150
R102_25.txt,v1_rule_based,4,4282.2574,2.3396
R102_25.txt,v1_rule_based,5,4318.0692,2.2416
R202_25.txt,v1_rule_based,1,2066.5246,4.1054
R202_25.txt,v1_rule_based,2,2086.1592,1.4760
R202_25.txt,v1_rule_based,3,2095.7376,2.0476
R202_25.txt,v1_rule_based,4,2658.7669,2.3202
R202_25.txt,v1_rule_based,5,2568.0113,1.6638
C102_50.txt,v1_rule_based,1,3776.7080,2.6866
C102_50.txt,v1_rule_based,2,3015.3524,5.0131
C102_50.txt,v1_rule_based,3,3015.3524,3.8780
C102_50.txt,v1_rule_based,4,3016.9084,4.1680
C102_50.txt,v1_rule_based,5,3066.1244,11.4839
C202_50.txt,v1_rule_based,1,3778.9743,1.3946
C202_50.txt,v1_rule_based,2,3807.5842,3.2304
C202_50.txt,v1_rule_based,3,3275.8382,5.9649
C202_50.txt,v1_rule_based,4,3262.3294,4.6131
C202_50.txt,v1_rule_based,5,3800.4244,2.6446
R101_50.txt,v1_rule_based,1,8053.3412,9.7463
R101_50.txt,v1_rule_based,2,7546.2082,7.2797
R101_50.txt,v1_rule_based,3,8008.3732,7.1560
R101_50.txt,v1_rule_based,4,8108.1296,5.6618
R101_50.txt,v1_rule_based,5,7496.4847,19.8820
R201_50.txt,v1_rule_based,1,4070.9774,1.9482
R201_50.txt,v1_rule_based,2,4096.0444,4.1691
R201_50.txt,v1_rule_based,3,4155.5691,4.9250
R201_50.txt,v1_rule_based,4,4172.7397,3.7109
R201_50.txt,v1_rule_based,5,4065.7208,4.0580
C101_100.txt,v1_rule_based,1,6896.6582,16.2076
C101_100.txt,v1_rule_based,2,6133.7807,159.7159
C101_100.txt,v1_rule_based,3,6133.7807,163.6555
C101_100.txt,v1_rule_based,4,6133.7807,156.5922
C101_100.txt,v1_rule_based,5,6133.7807,154.7175
C201_100.txt,v1_rule_based,1,7003.3149,8.3650
C201_100.txt,v1_rule_based,2,6439.8392,9.8212
C201_100.txt,v1_rule_based,3,6987.5692,3.6928
C201_100.txt,v1_rule_based,4,6449.0589,9.6541
C201_100.txt,v1_rule_based,5,6972.6439,9.1582
R102_100.txt,v1_rule_based,1,11733.0154,11.5336
R102_100.txt,v1_rule_based,2,11805.4470,11.2894
R102_100.txt,v1_rule_based,3,11723.1467,19.8436
R102_100.txt,v1_rule_based,4,12426.8572,5.4208
R102_100.txt,v1_rule_based,5,12977.6597,6.3112
R202_100.txt,v1_rule_based,1,6160.7094,8.2480
R202_100.txt,v1_rule_based,2,6196.4511,3.9399
R202_100.txt,v1_rule_based,3,5607.4326,9.0597
R202_100.txt,v1_rule_based,4,6084.9252,6.3836
R202_100.txt,v1_rule_based,5,6079.8958,7.1769
C101_25.txt,thompson,1,1809.8302,2.0096
C101_25.txt,thompson,2,1809.8302,2.3368
C101_25.txt,thompson,3,1809.8302,2.2200
C101_25.txt,thompson,4,1809.8302,2.3845
C101_25.txt,thompson,5,1809.8302,2.2871
C201_25.txt,thompson,1,1909.0793,5.2127
C201_25.txt,thompson,2,1909.0793,1.7123
C201_25.txt,thompson,3,1909.0793,1.4483
C201_25.txt,thompson,4,1909.0793,2.1502
C201_25.txt,thompson,5,1909.0793,1.9418
R102_25.txt,thompson,1,4314.8218,2.3801
R102_25.txt,thompson,2,4263.5794,4.6502
R102_25.txt,thompson,3,4314.8218,3.0722
R102_25.txt,thompson,4,4311.3729,2.1427
R102_25.txt,thompson,5,4281.6068,4.2561
R202_25.txt,thompson,1,2109.9925,3.6339
R202_25.txt,thompson,2,2063.1413,8.0840
R202_25.txt,thompson,3,2079.2263,3.6566
R202_25.txt,thompson,4,2617.4694,6.5323
R202_25.txt,thompson,5,2070.7881,13.7357
C102_50.txt,thompson,1,3015.3524,5.4626
C102_50.txt,thompson,2,3015.3524,5.0248
C102_50.txt,thompson,3,3015.3524,7.9970
C102_50.txt,thompson,4,3016.9084,4.5845
C102_50.txt,thompson,5,3016.9084,9.0208
C202_50.txt,thompson,1,3248.2315,7.6233
C202_50.txt,thompson,2,3239.5656,6.1338
C202_50.txt,thompson,3,3245.0014,45.6027
C202_50.txt,thompson,4,3282.7816,7.7226
C202_50.txt,thompson,5,3263.0945,11.4950
R101_50.txt,thompson,1,7567.9359,6.8716
R101_50.txt,thompson,2,8052.4313,17.5040
R101_50.txt,thompson,3,7499.6560,11.8370
R101_50.txt,thompson,4,8222.6779,2.9647
R101_50.txt,thompson,5,7961.0116,18.8861
R201_50.txt,thompson,1,4055.4768,12.5787
R201_50.txt,thompson,2,4016.4970,61.0410
R201_50.txt,thompson,3,4065.9612,13.1947
R201_50.txt,thompson,4,4048.8136,6.4749
R201_50.txt,thompson,5,4037.7286,7.0101
C101_100.txt,thompson,1,6133.7807,111.5772
C101_100.txt,thompson,2,6133.7807,27.7531
C101_100.txt,thompson,3,6133.7807,13.4470
C101_100.txt,thompson,4,6133.7807,24.1097
C101_100.txt,thompson,5,6133.7807,107.7367
C201_100.txt,thompson,1,6423.4084,20.0845
C201_100.txt,thompson,2,7007.9383,8.6501
C201_100.txt,thompson,3,6425.4654,29.0035
C201_100.txt,thompson,4,6429.3310,21.9786
C201_100.txt,thompson,5,6408.3203,24.7784
R102_100.txt,thompson,1,11785.3392,54.4608
R102_100.txt,thompson,2,12349.5752,22.9809
R102_100.txt,thompson,3,11733.8192,26.7337
R102_100.txt,thompson,4,11803.7587,62.3293
R102_100.txt,thompson,5,11766.4809,11.7160
R202_100.txt,thompson,1,5523.9504,51.9414
R202_100.txt,thompson,2,6200.1753,5.9955
R202_100.txt,thompson,3,5473.1322,77.5965
R202_100.txt,thompson,4,5476.7299,45.1532
R202_100.txt,thompson,5,6060.4135,32.7635
C101_25.txt,no_adaptive,1,1809.8302,0.8893
C101_25.txt,no_adaptive,2,1809.8302,0.8659
C101_25.txt,no_adaptive,3,1809.8302,0.9570
C101_25.txt,no_adaptive,4,1809.8302,0.9131
C101_25.txt,no_adaptive,5,1809.8302,0.8984
C201_25.txt,no_adaptive,1,1909.0793,0.8676
C201_25.txt,no_adaptive,2,1909.0793,0.7207
C201_25.txt,no_adaptive,3,1909.0793,1.4686
C201_25.txt,no_adaptive,4,1909.0793,0.7634
C201_25.txt,no_adaptive,5,1909.0793,1.0906
R102_25.txt,no_adaptive,1,4281.6068,1.9777
R102_25.txt,no_adaptive,2,4282.2574,0.9530
R102_25.txt,no_adaptive,3,4270.5062,1.6796
R102_25.txt,no_adaptive,4,4284.4620,3.0628
R102_25.txt,no_adaptive,5,4277.5609,2.7153
R202_25.txt,no_adaptive,1,2130.7932,2.6000
R202_25.txt,no_adaptive,2,2084.9132,3.2177
R202_25.txt,no_adaptive,3,2064.8740,4.6045
R202_25.txt,no_adaptive,4,2130.7932,3.6889
R202_25.txt,no_adaptive,5,2066.4600,2.2308
C102_50.txt,no_adaptive,1,3069.2616,2.6223
C102_50.txt,no_adaptive,2,3016.2770,3.3779
C102_50.txt,no_adaptive,3,3016.9084,3.0507
C102_50.txt,no_adaptive,4,3019.5999,2.7313
C102_50.txt,no_adaptive,5,3015.3524,3.1256
C202_50.txt,no_adaptive,1,3258.3844,4.4798
C202_50.txt,no_adaptive,2,3218.0956,5.5661
C202_50.txt,no_adaptive,3,3750.9507,4.4959
C202_50.txt,no_adaptive,4,3237.3566,6.8286
C202_50.txt,no_adaptive,5,3219.5091,5.0937
R101_50.txt,no_adaptive,1,7482.7924,2.4034
R101_50.txt,no_adaptive,2,7511.7124,7.6508
R101_50.txt,no_adaptive,3,7549.7503,6.9964
R101_50.txt,no_adaptive,4,7550.9511,4.8656
R101_50.txt,no_adaptive,5,8045.5848,2.8611
R201_50.txt,no_adaptive,1,4080.6386,4.8318
R201_50.txt,no_adaptive,2,4030.8026,4.1400
R201_50.txt,no_adaptive,3,4106.9362,3.9523
R201_50.txt,no_adaptive,4,4094.6084,5.4557
R201_50.txt,no_adaptive,5,4029.3719,6.6422
C101_100.txt,no_adaptive,1,6133.7807,15.6885
C101_100.txt,no_adaptive,2,6133.7807,19.4127
C101_100.txt,no_adaptive,3,6133.7807,8.8111
C101_100.txt,no_adaptive,4,6133.7807,10.3342
C101_100.txt,no_adaptive,5,6133.7807,18.5547
C201_100.txt,no_adaptive,1,6439.5019,31.9723
C201_100.txt,no_adaptive,2,6410.8430,10.5630
C201_100.txt,no_adaptive,3,6452.6308,15.0810
C201_100.txt,no_adaptive,4,6534.6087,23.9359
C201_100.txt,no_adaptive,5,6450.8866,12.8733
R102_100.txt,no_adaptive,1,12447.0617,22.4963
R102_100.txt,no_adaptive,2,11195.7225,24.0498
R102_100.txt,no_adaptive,3,12417.5007,16.9948
R102_100.txt,no_adaptive,4,11297.0640,21.7686
R102_100.txt,no_adaptive,5,12008.2000,19.4815
R202_100.txt,no_adaptive,1,5496.6834,56.8691
R202_100.txt,no_adaptive,2,6150.2280,13.7097
R202_100.txt,no_adaptive,3,5530.9904,29.4098
R202_100.txt,no_adaptive,4,5499.7807,23.6743
R202_100.txt,no_adaptive,5,6071.3295,19.7509
