weight_field,baseline_value,multiplier,override_value,instance,rep,fitness,runtime_sec
route_open_penalty,525,0.5000,262.5,C102_50.txt,1,3053.8802,8.0773
route_open_penalty,525,0.5000,262.5,C102_50.txt,2,3015.3524,4.3279
route_open_penalty,525,0.5000,262.5,C102_50.txt,3,3058.2228,16.9224
route_open_penalty,525,0.5000,262.5,C102_50.txt,4,3016.9084,6.4848
route_open_penalty,525,0.5000,262.5,C102_50.txt,5,3058.2228,13.5154
route_open_penalty,525,0.5000,262.5,C201_100.txt,1,6540.9009,3.7657
route_open_penalty,525,0.5000,262.5,C201_100.txt,2,6989.4577,5.6548
route_open_penalty,525,0.5000,262.5,C201_100.txt,3,6985.4720,6.7923
route_open_penalty,525,0.5000,262.5,C201_100.txt,4,6388.3843,3.8862
route_open_penalty,525,0.5000,262.5,C201_100.txt,5,7082.2212,6.1644
route_open_penalty,525,0.5000,262.5,R102_25.txt,1,4318.4516,2.7317
route_open_penalty,525,0.5000,262.5,R102_25.txt,2,4315.0746,3.5196
route_open_penalty,525,0.5000,262.5,R102_25.txt,3,4303.0496,1.8023
route_open_penalty,525,0.5000,262.5,R102_25.txt,4,4272.8284,1.9433
route_open_penalty,525,0.5000,262.5,R102_25.txt,5,4300.8346,1.3542
route_open_penalty,525,0.5000,262.5,R201_50.txt,1,4114.8365,88.1996
route_open_penalty,525,0.5000,262.5,R201_50.txt,2,4103.5075,8.7626
route_open_penalty,525,0.5000,262.5,R201_50.txt,3,4049.7081,5.8584
route_open_penalty,525,0.5000,262.5,R201_50.txt,4,4110.9207,7.0866
route_open_penalty,525,0.5000,262.5,R201_50.txt,5,4091.8144,5.4377
route_open_penalty,525,0.5000,262.5,R202_100.txt,1,6057.1000,11.5971
route_open_penalty,525,0.5000,262.5,R202_100.txt,2,6048.0411,15.2849
route_open_penalty,525,0.5000,262.5,R202_100.txt,3,6051.0417,4.7721
route_open_penalty,525,0.5000,262.5,R202_100.txt,4,6089.9869,4.6034
route_open_penalty,525,0.5000,262.5,R202_100.txt,5,6203.7881,6.6829
route_open_penalty,525,0.7000,367.5,C102_50.txt,1,3053.8802,7.9277
route_open_penalty,525,0.7000,367.5,C102_50.txt,2,3015.3524,3.9391
route_open_penalty,525,0.7000,367.5,C102_50.txt,3,3058.2228,15.5390
route_open_penalty,525,0.7000,367.5,C102_50.txt,4,3016.9084,6.4401
route_open_penalty,525,0.7000,367.5,C102_50.txt,5,3058.2228,13.4884
route_open_penalty,525,0.7000,367.5,C201_100.txt,1,6533.7972,5.4278
route_open_penalty,525,0.7000,367.5,C201_100.txt,2,6984.6355,16.7281
route_open_penalty,525,0.7000,367.5,C201_100.txt,3,6415.8251,8.5907
route_open_penalty,525,0.7000,367.5,C201_100.txt,4,6388.3843,3.7058
route_open_penalty,525,0.7000,367.5,C201_100.txt,5,6995.7096,5.5116
route_open_penalty,525,0.7000,367.5,R102_25.txt,1,4318.4516,2.6777
route_open_penalty,525,0.7000,367.5,R102_25.txt,2,4315.0746,3.4822
route_open_penalty,525,0.7000,367.5,R102_25.txt,3,4303.0496,1.7825
route_open_penalty,525,0.7000,367.5,R102_25.txt,4,4272.8284,1.8825
route_open_penalty,525,0.7000,367.5,R102_25.txt,5,4300.8346,1.3592
route_open_penalty,525,0.7000,367.5,R201_50.txt,1,4114.8365,88.6411
route_open_penalty,525,0.7000,367.5,R201_50.txt,2,4090.4469,5.7884
route_open_penalty,525,0.7000,367.5,R201_50.txt,3,4049.7081,5.7810
route_open_penalty,525,0.7000,367.5,R201_50.txt,4,4110.9207,6.9562
route_open_penalty,525,0.7000,367.5,R201_50.txt,5,4091.8144,5.3177
route_open_penalty,525,0.7000,367.5,R202_100.txt,1,6057.1000,11.3127
route_open_penalty,525,0.7000,367.5,R202_100.txt,2,6048.0411,17.4931
route_open_penalty,525,0.7000,367.5,R202_100.txt,3,6029.8211,10.0676
route_open_penalty,525,0.7000,367.5,R202_100.txt,4,6089.9869,4.5445
route_open_penalty,525,0.7000,367.5,R202_100.txt,5,6203.7881,6.4471
route_open_penalty,525,0.8500,446.25,C102_50.txt,1,3053.8802,7.9523
route_open_penalty,525,0.8500,446.25,C102_50.txt,2,3015.3524,3.9272
route_open_penalty,525,0.8500,446.25,C102_50.txt,3,3058.2228,15.1194
route_open_penalty,525,0.8500,446.25,C102_50.txt,4,3016.9084,6.5166
route_open_penalty,525,0.8500,446.25,C102_50.txt,5,3058.2228,13.5284
route_open_penalty,525,0.8500,446.25,C201_100.txt,1,6533.7972,5.4517
route_open_penalty,525,0.8500,446.25,C201_100.txt,2,6984.6355,16.8677
route_open_penalty,525,0.8500,446.25,C201_100.txt,3,6415.8251,8.7115
route_open_penalty,525,0.8500,446.25,C201_100.txt,4,6388.3843,3.6562
route_open_penalty,525,0.8500,446.25,C201_100.txt,5,6995.7096,5.5499
route_open_penalty,525,0.8500,446.25,R102_25.txt,1,4318.4516,2.7923
route_open_penalty,525,0.8500,446.25,R102_25.txt,2,4315.0746,3.5224
route_open_penalty,525,0.8500,446.25,R102_25.txt,3,4303.0496,1.7913
route_open_penalty,525,0.8500,446.25,R102_25.txt,4,4272.8284,1.9451
route_open_penalty,525,0.8500,446.25,R102_25.txt,5,4300.8346,1.3138
route_open_penalty,525,0.8500,446.25,R201_50.txt,1,4114.8365,88.8695
route_open_penalty,525,0.8500,446.25,R201_50.txt,2,4090.4469,5.8899
route_open_penalty,525,0.8500,446.25,R201_50.txt,3,4049.7081,5.8495
route_open_penalty,525,0.8500,446.25,R201_50.txt,4,4110.9207,7.0176
route_open_penalty,525,0.8500,446.25,R201_50.txt,5,4091.8144,5.3542
route_open_penalty,525,0.8500,446.25,R202_100.txt,1,6057.1000,11.2877
route_open_penalty,525,0.8500,446.25,R202_100.txt,2,6048.0411,17.7262
route_open_penalty,525,0.8500,446.25,R202_100.txt,3,6029.8211,12.7046
route_open_penalty,525,0.8500,446.25,R202_100.txt,4,6089.9869,4.5583
route_open_penalty,525,0.8500,446.25,R202_100.txt,5,6203.7881,6.0334
route_open_penalty,525,1.0000,525,C102_50.txt,1,3053.8802,11.1458
route_open_penalty,525,1.0000,525,C102_50.txt,2,3015.3524,4.8563
route_open_penalty,525,1.0000,525,C102_50.txt,3,3058.2228,16.7342
route_open_penalty,525,1.0000,525,C102_50.txt,4,3016.9084,7.9276
route_open_penalty,525,1.0000,525,C102_50.txt,5,3058.2228,15.0350
route_open_penalty,525,1.0000,525,C201_100.txt,1,6533.7972,6.4151
route_open_penalty,525,1.0000,525,C201_100.txt,2,6984.6355,18.6929
route_open_penalty,525,1.0000,525,C201_100.txt,3,6415.8251,9.7856
route_open_penalty,525,1.0000,525,C201_100.txt,4,6388.3843,5.0273
route_open_penalty,525,1.0000,525,C201_100.txt,5,6995.7096,6.0037
route_open_penalty,525,1.0000,525,R102_25.txt,1,4318.4516,2.8626
route_open_penalty,525,1.0000,525,R102_25.txt,2,4315.0746,3.8544
route_open_penalty,525,1.0000,525,R102_25.txt,3,4303.0496,2.0265
route_open_penalty,525,1.0000,525,R102_25.txt,4,4272.8284,2.1462
route_open_penalty,525,1.0000,525,R102_25.txt,5,4300.8346,1.4221
route_open_penalty,525,1.0000,525,R201_50.txt,1,4114.8365,89.7719
route_open_penalty,525,1.0000,525,R201_50.txt,2,4090.4469,6.2924
route_open_penalty,525,1.0000,525,R201_50.txt,3,4049.7081,6.2160
route_open_penalty,525,1.0000,525,R201_50.txt,4,4110.9207,7.3424
route_open_penalty,525,1.0000,525,R201_50.txt,5,4091.8144,5.6584
route_open_penalty,525,1.0000,525,R202_100.txt,1,6057.1000,9.1534
route_open_penalty,525,1.0000,525,R202_100.txt,2,6048.0411,18.0988
route_open_penalty,525,1.0000,525,R202_100.txt,3,6029.8211,13.7473
route_open_penalty,525,1.0000,525,R202_100.txt,4,6089.9869,4.9061
route_open_penalty,525,1.0000,525,R202_100.txt,5,6203.7881,6.7323
route_open_penalty,525,1.1500,603.75,C102_50.txt,1,3053.8802,7.9421
route_open_penalty,525,1.1500,603.75,C102_50.txt,2,3015.3524,4.0835
route_open_penalty,525,1.1500,603.75,C102_50.txt,3,3058.2228,15.1160
route_open_penalty,525,1.1500,603.75,C102_50.txt,4,3016.9084,6.4366
route_open_penalty,525,1.1500,603.75,C102_50.txt,5,3058.2228,13.4522
route_open_penalty,525,1.1500,603.75,C201_100.txt,1,6533.7972,5.4181
route_open_penalty,525,1.1500,603.75,C201_100.txt,2,6984.6355,16.7430
route_open_penalty,525,1.1500,603.75,C201_100.txt,3,6415.8251,8.5050
route_open_penalty,525,1.1500,603.75,C201_100.txt,4,6388.3843,3.9015
route_open_penalty,525,1.1500,603.75,C201_100.txt,5,6995.7096,5.5056
route_open_penalty,525,1.1500,603.75,R102_25.txt,1,4318.4516,2.6893
route_open_penalty,525,1.1500,603.75,R102_25.txt,2,4315.0746,3.5159
route_open_penalty,525,1.1500,603.75,R102_25.txt,3,4303.0496,1.7813
route_open_penalty,525,1.1500,603.75,R102_25.txt,4,4272.8284,1.8863
route_open_penalty,525,1.1500,603.75,R102_25.txt,5,4300.8346,1.3593
route_open_penalty,525,1.1500,603.75,R201_50.txt,1,4114.8365,87.7610
route_open_penalty,525,1.1500,603.75,R201_50.txt,2,4090.4469,5.8727
route_open_penalty,525,1.1500,603.75,R201_50.txt,3,4049.7081,5.7507
route_open_penalty,525,1.1500,603.75,R201_50.txt,4,4110.9207,7.0542
route_open_penalty,525,1.1500,603.75,R201_50.txt,5,4091.8144,5.3677
route_open_penalty,525,1.1500,603.75,R202_100.txt,1,6057.1000,11.4468
route_open_penalty,525,1.1500,603.75,R202_100.txt,2,6048.0411,17.5454
route_open_penalty,525,1.1500,603.75,R202_100.txt,3,6029.8211,10.0530
route_open_penalty,525,1.1500,603.75,R202_100.txt,4,6089.9869,4.4631
route_open_penalty,525,1.1500,603.75,R202_100.txt,5,6203.7881,6.5579
route_open_penalty,525,1.3000,682.5,C102_50.txt,1,3053.8802,8.0116
route_open_penalty,525,1.3000,682.5,C102_50.txt,2,3015.3524,3.9703
route_open_penalty,525,1.3000,682.5,C102_50.txt,3,3058.2228,15.1065
route_open_penalty,525,1.3000,682.5,C102_50.txt,4,3016.9084,6.4246
route_open_penalty,525,1.3000,682.5,C102_50.txt,5,3058.2228,13.7571
route_open_penalty,525,1.3000,682.5,C201_100.txt,1,6533.7972,5.5336
route_open_penalty,525,1.3000,682.5,C201_100.txt,2,6984.6355,16.7632
route_open_penalty,525,1.3000,682.5,C201_100.txt,3,6415.8251,8.6242
route_open_penalty,525,1.3000,682.5,C201_100.txt,4,6388.3843,3.7378
route_open_penalty,525,1.3000,682.5,C201_100.txt,5,6995.7096,5.5597
route_open_penalty,525,1.3000,682.5,R102_25.txt,1,4318.4516,2.6931
route_open_penalty,525,1.3000,682.5,R102_25.txt,2,4315.0746,3.5111
route_open_penalty,525,1.3000,682.5,R102_25.txt,3,4303.0496,1.8314
route_open_penalty,525,1.3000,682.5,R102_25.txt,4,4272.8284,1.9578
route_open_penalty,525,1.3000,682.5,R102_25.txt,5,4300.8346,1.3534
route_open_penalty,525,1.3000,682.5,R201_50.txt,1,4114.8365,89.4149
route_open_penalty,525,1.3000,682.5,R201_50.txt,2,4090.4469,5.7770
route_open_penalty,525,1.3000,682.5,R201_50.txt,3,4049.7081,5.8136
route_open_penalty,525,1.3000,682.5,R201_50.txt,4,4110.9207,7.1338
route_open_penalty,525,1.3000,682.5,R201_50.txt,5,4091.8144,5.3290
route_open_penalty,525,1.3000,682.5,R202_100.txt,1,6057.1000,11.5169
route_open_penalty,525,1.3000,682.5,R202_100.txt,2,6048.0411,17.7314
route_open_penalty,525,1.3000,682.5,R202_100.txt,3,6029.8211,10.4393
route_open_penalty,525,1.3000,682.5,R202_100.txt,4,6089.9869,4.5655
route_open_penalty,525,1.3000,682.5,R202_100.txt,5,6203.7881,6.6018
route_open_penalty,525,1.5000,787.5,C102_50.txt,1,3053.8802,7.9817
route_open_penalty,525,1.5000,787.5,C102_50.txt,2,3015.3524,3.9300
route_open_penalty,525,1.5000,787.5,C102_50.txt,3,3058.2228,14.9678
route_open_penalty,525,1.5000,787.5,C102_50.txt,4,3016.9084,6.5059
route_open_penalty,525,1.5000,787.5,C102_50.txt,5,3058.2228,13.4396
route_open_penalty,525,1.5000,787.5,C201_100.txt,1,6533.7972,5.4199
route_open_penalty,525,1.5000,787.5,C201_100.txt,2,6984.6355,16.6461
route_open_penalty,525,1.5000,787.5,C201_100.txt,3,6415.8251,8.5253
route_open_penalty,525,1.5000,787.5,C201_100.txt,4,6388.3843,3.6483
route_open_penalty,525,1.5000,787.5,C201_100.txt,5,6995.7096,5.6372
route_open_penalty,525,1.5000,787.5,R102_25.txt,1,4318.4516,2.6317
route_open_penalty,525,1.5000,787.5,R102_25.txt,2,4315.0746,3.5150
route_open_penalty,525,1.5000,787.5,R102_25.txt,3,4303.0496,1.7670
route_open_penalty,525,1.5000,787.5,R102_25.txt,4,4272.8284,1.8805
route_open_penalty,525,1.5000,787.5,R102_25.txt,5,4300.8346,1.3091
route_open_penalty,525,1.5000,787.5,R201_50.txt,1,4114.8365,87.5441
route_open_penalty,525,1.5000,787.5,R201_50.txt,2,4090.4469,5.7440
route_open_penalty,525,1.5000,787.5,R201_50.txt,3,4049.7081,5.7502
route_open_penalty,525,1.5000,787.5,R201_50.txt,4,4110.9207,6.9437
route_open_penalty,525,1.5000,787.5,R201_50.txt,5,4091.8144,5.1843
route_open_penalty,525,1.5000,787.5,R202_100.txt,1,6057.1000,10.9887
route_open_penalty,525,1.5000,787.5,R202_100.txt,2,6048.0411,17.3154
route_open_penalty,525,1.5000,787.5,R202_100.txt,3,6029.8211,10.1105
route_open_penalty,525,1.5000,787.5,R202_100.txt,4,6089.9869,4.2845
route_open_penalty,525,1.5000,787.5,R202_100.txt,5,6203.7881,6.2501
range_margin_weight,0.42,0.5000,0.21,C102_50.txt,1,3053.8802,7.9907
range_margin_weight,0.42,0.5000,0.21,C102_50.txt,2,3015.3524,5.2189
range_margin_weight,0.42,0.5000,0.21,C102_50.txt,3,3058.2228,15.0573
range_margin_weight,0.42,0.5000,0.21,C102_50.txt,4,3016.9084,6.6176
range_margin_weight,0.42,0.5000,0.21,C102_50.txt,5,3021.2747,6.6193
range_margin_weight,0.42,0.5000,0.21,C201_100.txt,1,6979.9002,7.0737
range_margin_weight,0.42,0.5000,0.21,C201_100.txt,2,6484.7449,9.0003
range_margin_weight,0.42,0.5000,0.21,C201_100.txt,3,6415.8251,8.6482
range_margin_weight,0.42,0.5000,0.21,C201_100.txt,4,6388.3843,3.6688
range_margin_weight,0.42,0.5000,0.21,C201_100.txt,5,6980.6157,6.5309
range_margin_weight,0.42,0.5000,0.21,R102_25.txt,1,4318.4516,2.6683
range_margin_weight,0.42,0.5000,0.21,R102_25.txt,2,4285.2366,2.2010
range_margin_weight,0.42,0.5000,0.21,R102_25.txt,3,4313.5017,2.1628
range_margin_weight,0.42,0.5000,0.21,R102_25.txt,4,4286.2881,1.7686
range_margin_weight,0.42,0.5000,0.21,R102_25.txt,5,4300.8346,1.3953
range_margin_weight,0.42,0.5000,0.21,R201_50.txt,1,4048.1126,8.0847
range_margin_weight,0.42,0.5000,0.21,R201_50.txt,2,4063.5860,5.8295
range_margin_weight,0.42,0.5000,0.21,R201_50.txt,3,4037.8533,28.2121
range_margin_weight,0.42,0.5000,0.21,R201_50.txt,4,4110.9207,7.1895
range_margin_weight,0.42,0.5000,0.21,R201_50.txt,5,4091.8144,5.2679
range_margin_weight,0.42,0.5000,0.21,R202_100.txt,1,6133.2177,8.7644
range_margin_weight,0.42,0.5000,0.21,R202_100.txt,2,6108.7312,16.3500
range_margin_weight,0.42,0.5000,0.21,R202_100.txt,3,6094.6794,5.2197
range_margin_weight,0.42,0.5000,0.21,R202_100.txt,4,5551.3574,8.2079
range_margin_weight,0.42,0.5000,0.21,R202_100.txt,5,6085.5301,12.3025
range_margin_weight,0.42,0.7000,0.294,C102_50.txt,1,3053.8802,8.0302
range_margin_weight,0.42,0.7000,0.294,C102_50.txt,2,3015.3524,5.3743
range_margin_weight,0.42,0.7000,0.294,C102_50.txt,3,3058.2228,15.7898
range_margin_weight,0.42,0.7000,0.294,C102_50.txt,4,3016.9084,6.4655
range_margin_weight,0.42,0.7000,0.294,C102_50.txt,5,3026.4151,5.5526
range_margin_weight,0.42,0.7000,0.294,C201_100.txt,1,6990.8317,5.1378
range_margin_weight,0.42,0.7000,0.294,C201_100.txt,2,6988.2342,8.3173
range_margin_weight,0.42,0.7000,0.294,C201_100.txt,3,6415.8251,8.8458
range_margin_weight,0.42,0.7000,0.294,C201_100.txt,4,6388.3843,3.7497
range_margin_weight,0.42,0.7000,0.294,C201_100.txt,5,6980.6157,7.1377
range_margin_weight,0.42,0.7000,0.294,R102_25.txt,1,4318.4516,2.6078
range_margin_weight,0.42,0.7000,0.294,R102_25.txt,2,4315.0746,3.5253
range_margin_weight,0.42,0.7000,0.294,R102_25.txt,3,4321.8461,2.4784
range_margin_weight,0.42,0.7000,0.294,R102_25.txt,4,4282.0217,1.6993
range_margin_weight,0.42,0.7000,0.294,R102_25.txt,5,4300.8346,1.3549
range_margin_weight,0.42,0.7000,0.294,R201_50.txt,1,4048.1126,8.7176
range_margin_weight,0.42,0.7000,0.294,R201_50.txt,2,4063.5860,6.3704
range_margin_weight,0.42,0.7000,0.294,R201_50.txt,3,4049.7081,6.3906
range_margin_weight,0.42,0.7000,0.294,R201_50.txt,4,4110.9207,7.7352
range_margin_weight,0.42,0.7000,0.294,R201_50.txt,5,4091.8144,5.9222
range_margin_weight,0.42,0.7000,0.294,R202_100.txt,1,6133.2177,9.0612
range_margin_weight,0.42,0.7000,0.294,R202_100.txt,2,6048.0411,16.4228
range_margin_weight,0.42,0.7000,0.294,R202_100.txt,3,6079.5574,5.5325
range_margin_weight,0.42,0.7000,0.294,R202_100.txt,4,6089.9869,5.1668
range_margin_weight,0.42,0.7000,0.294,R202_100.txt,5,6145.8578,5.6080
range_margin_weight,0.42,0.8500,0.357,C102_50.txt,1,3053.8802,8.3955
range_margin_weight,0.42,0.8500,0.357,C102_50.txt,2,3015.3524,5.3113
range_margin_weight,0.42,0.8500,0.357,C102_50.txt,3,3058.2228,16.4818
range_margin_weight,0.42,0.8500,0.357,C102_50.txt,4,3016.9084,6.6301
range_margin_weight,0.42,0.8500,0.357,C102_50.txt,5,3058.2228,11.0791
range_margin_weight,0.42,0.8500,0.357,C201_100.txt,1,6464.9990,8.8415
range_margin_weight,0.42,0.8500,0.357,C201_100.txt,2,6988.0886,6.6013
range_margin_weight,0.42,0.8500,0.357,C201_100.txt,3,6415.8251,9.2593
range_margin_weight,0.42,0.8500,0.357,C201_100.txt,4,6388.3843,4.2154
range_margin_weight,0.42,0.8500,0.357,C201_100.txt,5,6980.6157,7.4187
range_margin_weight,0.42,0.8500,0.357,R102_25.txt,1,4318.4516,3.1423
range_margin_weight,0.42,0.8500,0.357,R102_25.txt,2,4315.0746,3.8090
range_margin_weight,0.42,0.8500,0.357,R102_25.txt,3,4321.8461,2.8209
range_margin_weight,0.42,0.8500,0.357,R102_25.txt,4,4282.0217,1.9420
range_margin_weight,0.42,0.8500,0.357,R102_25.txt,5,4300.8346,1.5929
range_margin_weight,0.42,0.8500,0.357,R201_50.txt,1,4048.1126,9.1094
range_margin_weight,0.42,0.8500,0.357,R201_50.txt,2,4090.4469,6.5537
range_margin_weight,0.42,0.8500,0.357,R201_50.txt,3,4049.7081,6.6892
range_margin_weight,0.42,0.8500,0.357,R201_50.txt,4,4110.9207,8.1011
range_margin_weight,0.42,0.8500,0.357,R201_50.txt,5,4091.8144,5.8260
range_margin_weight,0.42,0.8500,0.357,R202_100.txt,1,6026.2340,13.4940
range_margin_weight,0.42,0.8500,0.357,R202_100.txt,2,6048.0411,18.9460
range_margin_weight,0.42,0.8500,0.357,R202_100.txt,3,6079.5574,5.7986
range_margin_weight,0.42,0.8500,0.357,R202_100.txt,4,6089.9869,4.8837
range_margin_weight,0.42,0.8500,0.357,R202_100.txt,5,6145.8578,6.2604
range_margin_weight,0.42,1.0000,0.42,C102_50.txt,1,3053.8802,11.1458
range_margin_weight,0.42,1.0000,0.42,C102_50.txt,2,3015.3524,4.8563
range_margin_weight,0.42,1.0000,0.42,C102_50.txt,3,3058.2228,16.7342
range_margin_weight,0.42,1.0000,0.42,C102_50.txt,4,3016.9084,7.9276
range_margin_weight,0.42,1.0000,0.42,C102_50.txt,5,3058.2228,15.0350
range_margin_weight,0.42,1.0000,0.42,C201_100.txt,1,6533.7972,6.4151
range_margin_weight,0.42,1.0000,0.42,C201_100.txt,2,6984.6355,18.6929
range_margin_weight,0.42,1.0000,0.42,C201_100.txt,3,6415.8251,9.7856
range_margin_weight,0.42,1.0000,0.42,C201_100.txt,4,6388.3843,5.0273
range_margin_weight,0.42,1.0000,0.42,C201_100.txt,5,6995.7096,6.0037
range_margin_weight,0.42,1.0000,0.42,R102_25.txt,1,4318.4516,2.8626
range_margin_weight,0.42,1.0000,0.42,R102_25.txt,2,4315.0746,3.8544
range_margin_weight,0.42,1.0000,0.42,R102_25.txt,3,4303.0496,2.0265
range_margin_weight,0.42,1.0000,0.42,R102_25.txt,4,4272.8284,2.1462
range_margin_weight,0.42,1.0000,0.42,R102_25.txt,5,4300.8346,1.4221
range_margin_weight,0.42,1.0000,0.42,R201_50.txt,1,4114.8365,89.7719
range_margin_weight,0.42,1.0000,0.42,R201_50.txt,2,4090.4469,6.2924
range_margin_weight,0.42,1.0000,0.42,R201_50.txt,3,4049.7081,6.2160
range_margin_weight,0.42,1.0000,0.42,R201_50.txt,4,4110.9207,7.3424
range_margin_weight,0.42,1.0000,0.42,R201_50.txt,5,4091.8144,5.6584
range_margin_weight,0.42,1.0000,0.42,R202_100.txt,1,6057.1000,9.1534
range_margin_weight,0.42,1.0000,0.42,R202_100.txt,2,6048.0411,18.0988
range_margin_weight,0.42,1.0000,0.42,R202_100.txt,3,6029.8211,13.7473
range_margin_weight,0.42,1.0000,0.42,R202_100.txt,4,6089.9869,4.9061
range_margin_weight,0.42,1.0000,0.42,R202_100.txt,5,6203.7881,6.7323
range_margin_weight,0.42,1.1500,0.483,C102_50.txt,1,3053.8802,8.8376
range_margin_weight,0.42,1.1500,0.483,C102_50.txt,2,3015.3524,4.2064
range_margin_weight,0.42,1.1500,0.483,C102_50.txt,3,3058.2228,17.4211
range_margin_weight,0.42,1.1500,0.483,C102_50.txt,4,3016.9084,7.0482
range_margin_weight,0.42,1.1500,0.483,C102_50.txt,5,3058.2228,15.3235
range_margin_weight,0.42,1.1500,0.483,C201_100.txt,1,6533.7972,5.9266
range_margin_weight,0.42,1.1500,0.483,C201_100.txt,2,6984.6355,18.9652
range_margin_weight,0.42,1.1500,0.483,C201_100.txt,3,6415.8251,9.6521
range_margin_weight,0.42,1.1500,0.483,C201_100.txt,4,6388.3843,4.2843
range_margin_weight,0.42,1.1500,0.483,C201_100.txt,5,6995.7096,6.3593
range_margin_weight,0.42,1.1500,0.483,R102_25.txt,1,4318.4516,3.0891
range_margin_weight,0.42,1.1500,0.483,R102_25.txt,2,4315.0746,3.8049
range_margin_weight,0.42,1.1500,0.483,R102_25.txt,3,4303.0496,2.0206
range_margin_weight,0.42,1.1500,0.483,R102_25.txt,4,4272.8284,2.1979
range_margin_weight,0.42,1.1500,0.483,R102_25.txt,5,4300.8346,1.4869
range_margin_weight,0.42,1.1500,0.483,R201_50.txt,1,4064.8963,2.1591
range_margin_weight,0.42,1.1500,0.483,R201_50.txt,2,4090.4469,6.6975
range_margin_weight,0.42,1.1500,0.483,R201_50.txt,3,4049.7081,6.6971
range_margin_weight,0.42,1.1500,0.483,R201_50.txt,4,4110.9207,7.9345
range_margin_weight,0.42,1.1500,0.483,R201_50.txt,5,4091.8144,5.8877
range_margin_weight,0.42,1.1500,0.483,R202_100.txt,1,6057.1000,11.3913
range_margin_weight,0.42,1.1500,0.483,R202_100.txt,2,6048.0411,17.6453
range_margin_weight,0.42,1.1500,0.483,R202_100.txt,3,6029.8211,13.3840
range_margin_weight,0.42,1.1500,0.483,R202_100.txt,4,6089.9869,4.6238
range_margin_weight,0.42,1.1500,0.483,R202_100.txt,5,6203.7881,5.6935
range_margin_weight,0.42,1.3000,0.546,C102_50.txt,1,3053.4692,5.6902
range_margin_weight,0.42,1.3000,0.546,C102_50.txt,2,3015.3524,4.0682
range_margin_weight,0.42,1.3000,0.546,C102_50.txt,3,3058.2228,17.4035
range_margin_weight,0.42,1.3000,0.546,C102_50.txt,4,3016.9084,6.9348
range_margin_weight,0.42,1.3000,0.546,C102_50.txt,5,3058.2228,15.1127
range_margin_weight,0.42,1.3000,0.546,C201_100.txt,1,6533.7972,5.8062
range_margin_weight,0.42,1.3000,0.546,C201_100.txt,2,6990.5218,6.6870
range_margin_weight,0.42,1.3000,0.546,C201_100.txt,3,6415.8251,9.4838
range_margin_weight,0.42,1.3000,0.546,C201_100.txt,4,6388.3843,4.2682
range_margin_weight,0.42,1.3000,0.546,C201_100.txt,5,6995.7096,6.3731
range_margin_weight,0.42,1.3000,0.546,R102_25.txt,1,4318.4516,3.0885
range_margin_weight,0.42,1.3000,0.546,R102_25.txt,2,4331.6600,3.2801
range_margin_weight,0.42,1.3000,0.546,R102_25.txt,3,4303.0496,2.0823
range_margin_weight,0.42,1.3000,0.546,R102_25.txt,4,4272.8284,2.0622
range_margin_weight,0.42,1.3000,0.546,R102_25.txt,5,4300.8346,1.5614
range_margin_weight,0.42,1.3000,0.546,R201_50.txt,1,4064.8963,2.1201
range_margin_weight,0.42,1.3000,0.546,R201_50.txt,2,4090.4469,6.6106
range_margin_weight,0.42,1.3000,0.546,R201_50.txt,3,4049.7081,6.6494
range_margin_weight,0.42,1.3000,0.546,R201_50.txt,4,4110.9207,7.9309
range_margin_weight,0.42,1.3000,0.546,R201_50.txt,5,4091.8144,6.1287
range_margin_weight,0.42,1.3000,0.546,R202_100.txt,1,6057.1000,12.5393
range_margin_weight,0.42,1.3000,0.546,R202_100.txt,2,6045.3253,16.2586
range_margin_weight,0.42,1.3000,0.546,R202_100.txt,3,6029.8211,12.5721
range_margin_weight,0.42,1.3000,0.546,R202_100.txt,4,6089.9869,4.9428
range_margin_weight,0.42,1.3000,0.546,R202_100.txt,5,6117.7483,7.1104
range_margin_weight,0.42,1.5000,0.63,C102_50.txt,1,3053.4692,5.4631
range_margin_weight,0.42,1.5000,0.63,C102_50.txt,2,3015.3524,4.0351
range_margin_weight,0.42,1.5000,0.63,C102_50.txt,3,3058.2228,16.4957
range_margin_weight,0.42,1.5000,0.63,C102_50.txt,4,3016.9084,6.5642
range_margin_weight,0.42,1.5000,0.63,C102_50.txt,5,3016.9084,5.5175
range_margin_weight,0.42,1.5000,0.63,C201_100.txt,1,6533.7972,5.5787
range_margin_weight,0.42,1.5000,0.63,C201_100.txt,2,6990.5218,6.3496
range_margin_weight,0.42,1.5000,0.63,C201_100.txt,3,6982.3830,5.8669
range_margin_weight,0.42,1.5000,0.63,C201_100.txt,4,6388.3843,3.8574
range_margin_weight,0.42,1.5000,0.63,C201_100.txt,5,6420.0160,14.5621
range_margin_weight,0.42,1.5000,0.63,R102_25.txt,1,4318.4516,2.8001
range_margin_weight,0.42,1.5000,0.63,R102_25.txt,2,4381.5571,3.1885
range_margin_weight,0.42,1.5000,0.63,R102_25.txt,3,4303.0496,1.8681
range_margin_weight,0.42,1.5000,0.63,R102_25.txt,4,4272.8284,1.9786
range_margin_weight,0.42,1.5000,0.63,R102_25.txt,5,4300.8346,1.4424
range_margin_weight,0.42,1.5000,0.63,R201_50.txt,1,4072.7532,2.0291
range_margin_weight,0.42,1.5000,0.63,R201_50.txt,2,4090.4469,6.6635
range_margin_weight,0.42,1.5000,0.63,R201_50.txt,3,4049.7081,5.2859
range_margin_weight,0.42,1.5000,0.63,R201_50.txt,4,4071.5960,8.4952
range_margin_weight,0.42,1.5000,0.63,R201_50.txt,5,4091.8144,6.0831
range_margin_weight,0.42,1.5000,0.63,R202_100.txt,1,6092.2034,12.1880
range_margin_weight,0.42,1.5000,0.63,R202_100.txt,2,6045.3253,18.7870
range_margin_weight,0.42,1.5000,0.63,R202_100.txt,3,6089.6751,7.5026
range_margin_weight,0.42,1.5000,0.63,R202_100.txt,4,6089.9869,4.6763
range_margin_weight,0.42,1.5000,0.63,R202_100.txt,5,6025.0408,16.9870
margin_ratio_weight,180,0.5000,90,C102_50.txt,1,3053.8802,8.4988
margin_ratio_weight,180,0.5000,90,C102_50.txt,2,3015.3524,4.2855
margin_ratio_weight,180,0.5000,90,C102_50.txt,3,3175.7820,5.2519
margin_ratio_weight,180,0.5000,90,C102_50.txt,4,3016.9084,6.6796
margin_ratio_weight,180,0.5000,90,C102_50.txt,5,3016.9084,17.3097
margin_ratio_weight,180,0.5000,90,C201_100.txt,1,6516.5923,9.1435
margin_ratio_weight,180,0.5000,90,C201_100.txt,2,7090.8823,2.8704
margin_ratio_weight,180,0.5000,90,C201_100.txt,3,6992.1351,10.3584
margin_ratio_weight,180,0.5000,90,C201_100.txt,4,6420.5650,6.8876
margin_ratio_weight,180,0.5000,90,C201_100.txt,5,6995.7096,5.1349
margin_ratio_weight,180,0.5000,90,R102_25.txt,1,4282.2574,2.6634
margin_ratio_weight,180,0.5000,90,R102_25.txt,2,4292.1598,13.3723
margin_ratio_weight,180,0.5000,90,R102_25.txt,3,4321.8461,2.6381
margin_ratio_weight,180,0.5000,90,R102_25.txt,4,4286.2881,2.0864
margin_ratio_weight,180,0.5000,90,R102_25.txt,5,4336.0356,2.0576
margin_ratio_weight,180,0.5000,90,R201_50.txt,1,4048.5392,6.9614
margin_ratio_weight,180,0.5000,90,R201_50.txt,2,4158.7432,3.6487
margin_ratio_weight,180,0.5000,90,R201_50.txt,3,4037.8533,29.0948
margin_ratio_weight,180,0.5000,90,R201_50.txt,4,4157.4424,3.9343
margin_ratio_weight,180,0.5000,90,R201_50.txt,5,4051.6297,7.1672
margin_ratio_weight,180,0.5000,90,R202_100.txt,1,6154.0992,6.4976
margin_ratio_weight,180,0.5000,90,R202_100.txt,2,5595.8213,22.1172
margin_ratio_weight,180,0.5000,90,R202_100.txt,3,6171.9461,4.7167
margin_ratio_weight,180,0.5000,90,R202_100.txt,4,6001.4372,14.9485
margin_ratio_weight,180,0.5000,90,R202_100.txt,5,6040.0750,23.6485
margin_ratio_weight,180,0.7000,126,C102_50.txt,1,3053.8802,8.8830
margin_ratio_weight,180,0.7000,126,C102_50.txt,2,3015.3524,5.4276
margin_ratio_weight,180,0.7000,126,C102_50.txt,3,3175.7820,5.3318
margin_ratio_weight,180,0.7000,126,C102_50.txt,4,3016.9084,6.8074
margin_ratio_weight,180,0.7000,126,C102_50.txt,5,3057.0971,4.4330
margin_ratio_weight,180,0.7000,126,C201_100.txt,1,6466.6958,5.4645
margin_ratio_weight,180,0.7000,126,C201_100.txt,2,7011.8896,6.4869
margin_ratio_weight,180,0.7000,126,C201_100.txt,3,6410.3168,11.6986
margin_ratio_weight,180,0.7000,126,C201_100.txt,4,6420.5650,6.9777
margin_ratio_weight,180,0.7000,126,C201_100.txt,5,6980.6157,7.4966
margin_ratio_weight,180,0.7000,126,R102_25.txt,1,4282.2574,2.3624
margin_ratio_weight,180,0.7000,126,R102_25.txt,2,4345.9579,1.9573
margin_ratio_weight,180,0.7000,126,R102_25.txt,3,4321.8461,2.7551
margin_ratio_weight,180,0.7000,126,R102_25.txt,4,4284.0583,2.1500
margin_ratio_weight,180,0.7000,126,R102_25.txt,5,4284.6540,2.1881
margin_ratio_weight,180,0.7000,126,R201_50.txt,1,4048.1126,8.7787
margin_ratio_weight,180,0.7000,126,R201_50.txt,2,4141.9249,6.2542
margin_ratio_weight,180,0.7000,126,R201_50.txt,3,4037.8533,29.4006
margin_ratio_weight,180,0.7000,126,R201_50.txt,4,4093.4722,89.6804
margin_ratio_weight,180,0.7000,126,R201_50.txt,5,4095.8852,3.2413
margin_ratio_weight,180,0.7000,126,R202_100.txt,1,6119.8181,6.7058
margin_ratio_weight,180,0.7000,126,R202_100.txt,2,6119.7022,20.3806
margin_ratio_weight,180,0.7000,126,R202_100.txt,3,6171.9461,4.4759
margin_ratio_weight,180,0.7000,126,R202_100.txt,4,6065.0721,7.1160
margin_ratio_weight,180,0.7000,126,R202_100.txt,5,6077.9903,5.8421
margin_ratio_weight,180,0.8500,153,C102_50.txt,1,3053.8802,7.9707
margin_ratio_weight,180,0.8500,153,C102_50.txt,2,3015.3524,5.2631
margin_ratio_weight,180,0.8500,153,C102_50.txt,3,3058.2228,15.1191
margin_ratio_weight,180,0.8500,153,C102_50.txt,4,3016.9084,6.4193
margin_ratio_weight,180,0.8500,153,C102_50.txt,5,3016.9084,6.1419
margin_ratio_weight,180,0.8500,153,C201_100.txt,1,6478.7969,19.4569
margin_ratio_weight,180,0.8500,153,C201_100.txt,2,6988.2342,8.4683
margin_ratio_weight,180,0.8500,153,C201_100.txt,3,6985.4720,6.4126
margin_ratio_weight,180,0.8500,153,C201_100.txt,4,6388.3843,3.6960
margin_ratio_weight,180,0.8500,153,C201_100.txt,5,6980.6157,6.6079
margin_ratio_weight,180,0.8500,153,R102_25.txt,1,4282.2574,1.9271
margin_ratio_weight,180,0.8500,153,R102_25.txt,2,4285.2366,1.8544
margin_ratio_weight,180,0.8500,153,R102_25.txt,3,4321.8461,2.4731
margin_ratio_weight,180,0.8500,153,R102_25.txt,4,4284.0583,1.9217
margin_ratio_weight,180,0.8500,153,R102_25.txt,5,4300.8346,1.3514
margin_ratio_weight,180,0.8500,153,R201_50.txt,1,4048.1126,8.1865
margin_ratio_weight,180,0.8500,153,R201_50.txt,2,4063.5860,5.9724
margin_ratio_weight,180,0.8500,153,R201_50.txt,3,4057.2018,3.8645
margin_ratio_weight,180,0.8500,153,R201_50.txt,4,4110.9207,7.1673
margin_ratio_weight,180,0.8500,153,R201_50.txt,5,4091.8144,5.3811
margin_ratio_weight,180,0.8500,153,R202_100.txt,1,6127.3719,6.9564
margin_ratio_weight,180,0.8500,153,R202_100.txt,2,6183.3568,10.9793
margin_ratio_weight,180,0.8500,153,R202_100.txt,3,6130.0881,7.3219
margin_ratio_weight,180,0.8500,153,R202_100.txt,4,5551.3574,10.0176
margin_ratio_weight,180,0.8500,153,R202_100.txt,5,6109.4621,7.7419
margin_ratio_weight,180,1.0000,180,C102_50.txt,1,3053.8802,11.1458
margin_ratio_weight,180,1.0000,180,C102_50.txt,2,3015.3524,4.8563
margin_ratio_weight,180,1.0000,180,C102_50.txt,3,3058.2228,16.7342
margin_ratio_weight,180,1.0000,180,C102_50.txt,4,3016.9084,7.9276
margin_ratio_weight,180,1.0000,180,C102_50.txt,5,3058.2228,15.0350
margin_ratio_weight,180,1.0000,180,C201_100.txt,1,6533.7972,6.4151
margin_ratio_weight,180,1.0000,180,C201_100.txt,2,6984.6355,18.6929
margin_ratio_weight,180,1.0000,180,C201_100.txt,3,6415.8251,9.7856
margin_ratio_weight,180,1.0000,180,C201_100.txt,4,6388.3843,5.0273
margin_ratio_weight,180,1.0000,180,C201_100.txt,5,6995.7096,6.0037
margin_ratio_weight,180,1.0000,180,R102_25.txt,1,4318.4516,2.8626
margin_ratio_weight,180,1.0000,180,R102_25.txt,2,4315.0746,3.8544
margin_ratio_weight,180,1.0000,180,R102_25.txt,3,4303.0496,2.0265
margin_ratio_weight,180,1.0000,180,R102_25.txt,4,4272.8284,2.1462
margin_ratio_weight,180,1.0000,180,R102_25.txt,5,4300.8346,1.4221
margin_ratio_weight,180,1.0000,180,R201_50.txt,1,4114.8365,89.7719
margin_ratio_weight,180,1.0000,180,R201_50.txt,2,4090.4469,6.2924
margin_ratio_weight,180,1.0000,180,R201_50.txt,3,4049.7081,6.2160
margin_ratio_weight,180,1.0000,180,R201_50.txt,4,4110.9207,7.3424
margin_ratio_weight,180,1.0000,180,R201_50.txt,5,4091.8144,5.6584
margin_ratio_weight,180,1.0000,180,R202_100.txt,1,6057.1000,9.1534
margin_ratio_weight,180,1.0000,180,R202_100.txt,2,6048.0411,18.0988
margin_ratio_weight,180,1.0000,180,R202_100.txt,3,6029.8211,13.7473
margin_ratio_weight,180,1.0000,180,R202_100.txt,4,6089.9869,4.9061
margin_ratio_weight,180,1.0000,180,R202_100.txt,5,6203.7881,6.7323
margin_ratio_weight,180,1.1500,207,C102_50.txt,1,3053.8802,9.0403
margin_ratio_weight,180,1.1500,207,C102_50.txt,2,3015.3524,4.3281
margin_ratio_weight,180,1.1500,207,C102_50.txt,3,3058.2228,16.9135
margin_ratio_weight,180,1.1500,207,C102_50.txt,4,3016.9084,7.1784
margin_ratio_weight,180,1.1500,207,C102_50.txt,5,3163.0444,4.4670
margin_ratio_weight,180,1.1500,207,C201_100.txt,1,6990.8317,5.7314
margin_ratio_weight,180,1.1500,207,C201_100.txt,2,6988.0886,7.1208
margin_ratio_weight,180,1.1500,207,C201_100.txt,3,6415.8251,9.7546
margin_ratio_weight,180,1.1500,207,C201_100.txt,4,6388.3843,4.3127
margin_ratio_weight,180,1.1500,207,C201_100.txt,5,6980.6157,7.2954
margin_ratio_weight,180,1.1500,207,R102_25.txt,1,4318.4516,2.7021
margin_ratio_weight,180,1.1500,207,R102_25.txt,2,4315.0746,4.2534
margin_ratio_weight,180,1.1500,207,R102_25.txt,3,4318.2901,2.6073
margin_ratio_weight,180,1.1500,207,R102_25.txt,4,4267.0850,2.1461
margin_ratio_weight,180,1.1500,207,R102_25.txt,5,4300.8346,1.5506
margin_ratio_weight,180,1.1500,207,R201_50.txt,1,4064.8963,2.1047
margin_ratio_weight,180,1.1500,207,R201_50.txt,2,4090.4469,6.4617
margin_ratio_weight,180,1.1500,207,R201_50.txt,3,4049.7081,6.5323
margin_ratio_weight,180,1.1500,207,R201_50.txt,4,4110.9207,7.9989
margin_ratio_weight,180,1.1500,207,R201_50.txt,5,4091.8144,5.5881
margin_ratio_weight,180,1.1500,207,R202_100.txt,1,6057.1000,12.4780
margin_ratio_weight,180,1.1500,207,R202_100.txt,2,6048.0411,18.0918
margin_ratio_weight,180,1.1500,207,R202_100.txt,3,6029.8211,11.8931
margin_ratio_weight,180,1.1500,207,R202_100.txt,4,6089.9869,4.6799
margin_ratio_weight,180,1.1500,207,R202_100.txt,5,5487.3785,15.8834
margin_ratio_weight,180,1.3000,234,C102_50.txt,1,3053.4692,5.4732
margin_ratio_weight,180,1.3000,234,C102_50.txt,2,3015.3524,4.1282
margin_ratio_weight,180,1.3000,234,C102_50.txt,3,3058.2228,16.3812
margin_ratio_weight,180,1.3000,234,C102_50.txt,4,3016.9084,6.5637
margin_ratio_weight,180,1.3000,234,C102_50.txt,5,3067.0298,21.7778
margin_ratio_weight,180,1.3000,234,C201_100.txt,1,6533.7972,5.5831
margin_ratio_weight,180,1.3000,234,C201_100.txt,2,6990.5218,6.3317
margin_ratio_weight,180,1.3000,234,C201_100.txt,3,6420.5891,14.8550
margin_ratio_weight,180,1.3000,234,C201_100.txt,4,6388.3843,3.8495
margin_ratio_weight,180,1.3000,234,C201_100.txt,5,6420.0160,14.6307
margin_ratio_weight,180,1.3000,234,R102_25.txt,1,4307.6710,2.3264
margin_ratio_weight,180,1.3000,234,R102_25.txt,2,4381.5571,3.1086
margin_ratio_weight,180,1.3000,234,R102_25.txt,3,4277.4601,2.3335
margin_ratio_weight,180,1.3000,234,R102_25.txt,4,4272.8284,1.9570
margin_ratio_weight,180,1.3000,234,R102_25.txt,5,4300.8346,1.3527
margin_ratio_weight,180,1.3000,234,R201_50.txt,1,4064.8963,2.1978
margin_ratio_weight,180,1.3000,234,R201_50.txt,2,4090.4469,6.8602
margin_ratio_weight,180,1.3000,234,R201_50.txt,3,4049.7081,5.8642
margin_ratio_weight,180,1.3000,234,R201_50.txt,4,4110.9207,7.9337
margin_ratio_weight,180,1.3000,234,R201_50.txt,5,4091.8144,6.0951
margin_ratio_weight,180,1.3000,234,R202_100.txt,1,6092.2034,12.3237
margin_ratio_weight,180,1.3000,234,R202_100.txt,2,5520.7076,18.8357
margin_ratio_weight,180,1.3000,234,R202_100.txt,3,6023.8087,12.3097
margin_ratio_weight,180,1.3000,234,R202_100.txt,4,5485.7385,21.8815
margin_ratio_weight,180,1.3000,234,R202_100.txt,5,6109.8528,7.8994
margin_ratio_weight,180,1.5000,270,C102_50.txt,1,3053.4692,5.5200
margin_ratio_weight,180,1.5000,270,C102_50.txt,2,3015.3524,4.0604
margin_ratio_weight,180,1.5000,270,C102_50.txt,3,3058.2228,16.5759
margin_ratio_weight,180,1.5000,270,C102_50.txt,4,3016.9084,6.2711
margin_ratio_weight,180,1.5000,270,C102_50.txt,5,3064.3724,12.0921
margin_ratio_weight,180,1.5000,270,C201_100.txt,1,6533.7972,5.6059
margin_ratio_weight,180,1.5000,270,C201_100.txt,2,6999.1277,5.3055
margin_ratio_weight,180,1.5000,270,C201_100.txt,3,6982.3830,6.0233
margin_ratio_weight,180,1.5000,270,C201_100.txt,4,6388.3843,4.0585
margin_ratio_weight,180,1.5000,270,C201_100.txt,5,6410.0272,49.5410
margin_ratio_weight,180,1.5000,270,R102_25.txt,1,4285.2366,4.1719
margin_ratio_weight,180,1.5000,270,R102_25.txt,2,4381.5571,2.9882
margin_ratio_weight,180,1.5000,270,R102_25.txt,3,4341.9058,2.5081
margin_ratio_weight,180,1.5000,270,R102_25.txt,4,4272.8284,2.2202
margin_ratio_weight,180,1.5000,270,R102_25.txt,5,4300.8346,1.5031
margin_ratio_weight,180,1.5000,270,R201_50.txt,1,4111.3002,2.7563
margin_ratio_weight,180,1.5000,270,R201_50.txt,2,4090.4469,6.6246
margin_ratio_weight,180,1.5000,270,R201_50.txt,3,4049.7081,6.7425
margin_ratio_weight,180,1.5000,270,R201_50.txt,4,4082.8110,5.6663
margin_ratio_weight,180,1.5000,270,R201_50.txt,5,4056.7024,33.5645
margin_ratio_weight,180,1.5000,270,R202_100.txt,1,6016.7687,12.3952
margin_ratio_weight,180,1.5000,270,R202_100.txt,2,6204.3700,9.3774
margin_ratio_weight,180,1.5000,270,R202_100.txt,3,5555.0960,11.1901
margin_ratio_weight,180,1.5000,270,R202_100.txt,4,6087.6254,9.3154
margin_ratio_weight,180,1.5000,270,R202_100.txt,5,6148.1268,6.5547
time_slack_weight,0.05,0.5000,0.025,C102_50.txt,1,3053.8802,8.0506
time_slack_weight,0.05,0.5000,0.025,C102_50.txt,2,3015.3524,4.0045
time_slack_weight,0.05,0.5000,0.025,C102_50.txt,3,3058.2228,15.6035
time_slack_weight,0.05,0.5000,0.025,C102_50.txt,4,3016.9084,6.5101
time_slack_weight,0.05,0.5000,0.025,C102_50.txt,5,3058.2228,13.9282
time_slack_weight,0.05,0.5000,0.025,C201_100.txt,1,6533.7972,5.6818
time_slack_weight,0.05,0.5000,0.025,C201_100.txt,2,6990.5218,6.2934
time_slack_weight,0.05,0.5000,0.025,C201_100.txt,3,6415.8251,8.7068
time_slack_weight,0.05,0.5000,0.025,C201_100.txt,4,6388.3843,3.7211
time_slack_weight,0.05,0.5000,0.025,C201_100.txt,5,6995.7096,5.8350
time_slack_weight,0.05,0.5000,0.025,R102_25.txt,1,4318.4516,2.5877
time_slack_weight,0.05,0.5000,0.025,R102_25.txt,2,4315.0746,3.5345
time_slack_weight,0.05,0.5000,0.025,R102_25.txt,3,4303.0496,1.8168
time_slack_weight,0.05,0.5000,0.025,R102_25.txt,4,4272.8284,1.9659
time_slack_weight,0.05,0.5000,0.025,R102_25.txt,5,4300.8346,1.3603
time_slack_weight,0.05,0.5000,0.025,R201_50.txt,1,4064.8963,1.8713
time_slack_weight,0.05,0.5000,0.025,R201_50.txt,2,4101.0398,6.1925
time_slack_weight,0.05,0.5000,0.025,R201_50.txt,3,4049.7081,6.2385
time_slack_weight,0.05,0.5000,0.025,R201_50.txt,4,4071.5960,8.0068
time_slack_weight,0.05,0.5000,0.025,R201_50.txt,5,4124.2422,3.9787
time_slack_weight,0.05,0.5000,0.025,R202_100.txt,1,6026.2340,12.7990
time_slack_weight,0.05,0.5000,0.025,R202_100.txt,2,5606.0836,29.2488
time_slack_weight,0.05,0.5000,0.025,R202_100.txt,3,6089.6751,6.2051
time_slack_weight,0.05,0.5000,0.025,R202_100.txt,4,6089.9869,4.4818
time_slack_weight,0.05,0.5000,0.025,R202_100.txt,5,6166.8955,3.1061
time_slack_weight,0.05,0.7000,0.035,C102_50.txt,1,3053.8802,8.1590
time_slack_weight,0.05,0.7000,0.035,C102_50.txt,2,3015.3524,3.9977
time_slack_weight,0.05,0.7000,0.035,C102_50.txt,3,3058.2228,15.5966
time_slack_weight,0.05,0.7000,0.035,C102_50.txt,4,3016.9084,6.5058
time_slack_weight,0.05,0.7000,0.035,C102_50.txt,5,3058.2228,13.7671
time_slack_weight,0.05,0.7000,0.035,C201_100.txt,1,6533.7972,5.5245
time_slack_weight,0.05,0.7000,0.035,C201_100.txt,2,6984.6355,17.6557
time_slack_weight,0.05,0.7000,0.035,C201_100.txt,3,6415.8251,8.6596
time_slack_weight,0.05,0.7000,0.035,C201_100.txt,4,6388.3843,3.7114
time_slack_weight,0.05,0.7000,0.035,C201_100.txt,5,6995.7096,5.8187
time_slack_weight,0.05,0.7000,0.035,R102_25.txt,1,4318.4516,2.9245
time_slack_weight,0.05,0.7000,0.035,R102_25.txt,2,4315.0746,3.5203
time_slack_weight,0.05,0.7000,0.035,R102_25.txt,3,4303.0496,2.0290
time_slack_weight,0.05,0.7000,0.035,R102_25.txt,4,4272.8284,1.9132
time_slack_weight,0.05,0.7000,0.035,R102_25.txt,5,4300.8346,1.4538
time_slack_weight,0.05,0.7000,0.035,R201_50.txt,1,4064.8963,1.8565
time_slack_weight,0.05,0.7000,0.035,R201_50.txt,2,4101.0398,6.0413
time_slack_weight,0.05,0.7000,0.035,R201_50.txt,3,4049.7081,5.9605
time_slack_weight,0.05,0.7000,0.035,R201_50.txt,4,4110.9207,7.5519
time_slack_weight,0.05,0.7000,0.035,R201_50.txt,5,4091.8144,5.8609
time_slack_weight,0.05,0.7000,0.035,R202_100.txt,1,6026.2340,13.5976
time_slack_weight,0.05,0.7000,0.035,R202_100.txt,2,5606.0836,30.2954
time_slack_weight,0.05,0.7000,0.035,R202_100.txt,3,6036.5268,12.6407
time_slack_weight,0.05,0.7000,0.035,R202_100.txt,4,6089.9869,4.4074
time_slack_weight,0.05,0.7000,0.035,R202_100.txt,5,6203.7881,5.7655
time_slack_weight,0.05,0.8500,0.0425,C102_50.txt,1,3053.8802,8.0812
time_slack_weight,0.05,0.8500,0.0425,C102_50.txt,2,3015.3524,4.0253
time_slack_weight,0.05,0.8500,0.0425,C102_50.txt,3,3058.2228,15.8305
time_slack_weight,0.05,0.8500,0.0425,C102_50.txt,4,3016.9084,6.5082
time_slack_weight,0.05,0.8500,0.0425,C102_50.txt,5,3058.2228,13.9312
time_slack_weight,0.05,0.8500,0.0425,C201_100.txt,1,6533.7972,5.5644
time_slack_weight,0.05,0.8500,0.0425,C201_100.txt,2,6984.6355,17.9974
time_slack_weight,0.05,0.8500,0.0425,C201_100.txt,3,6415.8251,8.6989
time_slack_weight,0.05,0.8500,0.0425,C201_100.txt,4,6388.3843,3.7407
time_slack_weight,0.05,0.8500,0.0425,C201_100.txt,5,6995.7096,5.9080
time_slack_weight,0.05,0.8500,0.0425,R102_25.txt,1,4318.4516,2.9156
time_slack_weight,0.05,0.8500,0.0425,R102_25.txt,2,4315.0746,3.5421
time_slack_weight,0.05,0.8500,0.0425,R102_25.txt,3,4303.0496,2.0352
time_slack_weight,0.05,0.8500,0.0425,R102_25.txt,4,4272.8284,1.9278
time_slack_weight,0.05,0.8500,0.0425,R102_25.txt,5,4300.8346,1.4351
time_slack_weight,0.05,0.8500,0.0425,R201_50.txt,1,4064.8963,1.8728
time_slack_weight,0.05,0.8500,0.0425,R201_50.txt,2,4090.4469,6.1177
time_slack_weight,0.05,0.8500,0.0425,R201_50.txt,3,4049.7081,6.1320
time_slack_weight,0.05,0.8500,0.0425,R201_50.txt,4,4110.9207,7.6536
time_slack_weight,0.05,0.8500,0.0425,R201_50.txt,5,4091.8144,5.8480
time_slack_weight,0.05,0.8500,0.0425,R202_100.txt,1,6026.2340,14.0437
time_slack_weight,0.05,0.8500,0.0425,R202_100.txt,2,5606.0836,30.4478
time_slack_weight,0.05,0.8500,0.0425,R202_100.txt,3,6036.5268,13.0438
time_slack_weight,0.05,0.8500,0.0425,R202_100.txt,4,6089.9869,4.6339
time_slack_weight,0.05,0.8500,0.0425,R202_100.txt,5,6203.7881,5.9914
time_slack_weight,0.05,1.0000,0.05,C102_50.txt,1,3053.8802,11.1458
time_slack_weight,0.05,1.0000,0.05,C102_50.txt,2,3015.3524,4.8563
time_slack_weight,0.05,1.0000,0.05,C102_50.txt,3,3058.2228,16.7342
time_slack_weight,0.05,1.0000,0.05,C102_50.txt,4,3016.9084,7.9276
time_slack_weight,0.05,1.0000,0.05,C102_50.txt,5,3058.2228,15.0350
time_slack_weight,0.05,1.0000,0.05,C201_100.txt,1,6533.7972,6.4151
time_slack_weight,0.05,1.0000,0.05,C201_100.txt,2,6984.6355,18.6929
time_slack_weight,0.05,1.0000,0.05,C201_100.txt,3,6415.8251,9.7856
time_slack_weight,0.05,1.0000,0.05,C201_100.txt,4,6388.3843,5.0273
time_slack_weight,0.05,1.0000,0.05,C201_100.txt,5,6995.7096,6.0037
time_slack_weight,0.05,1.0000,0.05,R102_25.txt,1,4318.4516,2.8626
time_slack_weight,0.05,1.0000,0.05,R102_25.txt,2,4315.0746,3.8544
time_slack_weight,0.05,1.0000,0.05,R102_25.txt,3,4303.0496,2.0265
time_slack_weight,0.05,1.0000,0.05,R102_25.txt,4,4272.8284,2.1462
time_slack_weight,0.05,1.0000,0.05,R102_25.txt,5,4300.8346,1.4221
time_slack_weight,0.05,1.0000,0.05,R201_50.txt,1,4114.8365,89.7719
time_slack_weight,0.05,1.0000,0.05,R201_50.txt,2,4090.4469,6.2924
time_slack_weight,0.05,1.0000,0.05,R201_50.txt,3,4049.7081,6.2160
time_slack_weight,0.05,1.0000,0.05,R201_50.txt,4,4110.9207,7.3424
time_slack_weight,0.05,1.0000,0.05,R201_50.txt,5,4091.8144,5.6584
time_slack_weight,0.05,1.0000,0.05,R202_100.txt,1,6057.1000,9.1534
time_slack_weight,0.05,1.0000,0.05,R202_100.txt,2,6048.0411,18.0988
time_slack_weight,0.05,1.0000,0.05,R202_100.txt,3,6029.8211,13.7473
time_slack_weight,0.05,1.0000,0.05,R202_100.txt,4,6089.9869,4.9061
time_slack_weight,0.05,1.0000,0.05,R202_100.txt,5,6203.7881,6.7323
time_slack_weight,0.05,1.1500,0.0575,C102_50.txt,1,3053.4692,5.4293
time_slack_weight,0.05,1.1500,0.0575,C102_50.txt,2,3015.3524,4.0106
time_slack_weight,0.05,1.1500,0.0575,C102_50.txt,3,3058.2228,15.8250
time_slack_weight,0.05,1.1500,0.0575,C102_50.txt,4,3016.9084,6.5991
time_slack_weight,0.05,1.1500,0.0575,C102_50.txt,5,3058.2228,13.9261
time_slack_weight,0.05,1.1500,0.0575,C201_100.txt,1,6533.7972,5.5316
time_slack_weight,0.05,1.1500,0.0575,C201_100.txt,2,6984.6355,17.6656
time_slack_weight,0.05,1.1500,0.0575,C201_100.txt,3,6415.8251,8.7236
time_slack_weight,0.05,1.1500,0.0575,C201_100.txt,4,6388.3843,3.7501
time_slack_weight,0.05,1.1500,0.0575,C201_100.txt,5,6995.7096,5.5984
time_slack_weight,0.05,1.1500,0.0575,R102_25.txt,1,4318.4516,2.9156
time_slack_weight,0.05,1.1500,0.0575,R102_25.txt,2,4315.0746,3.6634
time_slack_weight,0.05,1.1500,0.0575,R102_25.txt,3,4303.0496,2.0436
time_slack_weight,0.05,1.1500,0.0575,R102_25.txt,4,4272.8284,1.9567
time_slack_weight,0.05,1.1500,0.0575,R102_25.txt,5,4300.8346,1.4565
time_slack_weight,0.05,1.1500,0.0575,R201_50.txt,1,4048.1126,8.7876
time_slack_weight,0.05,1.1500,0.0575,R201_50.txt,2,4090.4469,6.1305
time_slack_weight,0.05,1.1500,0.0575,R201_50.txt,3,4049.7081,6.4788
time_slack_weight,0.05,1.1500,0.0575,R201_50.txt,4,4110.9207,7.7329
time_slack_weight,0.05,1.1500,0.0575,R201_50.txt,5,4091.8144,5.9598
time_slack_weight,0.05,1.1500,0.0575,R202_100.txt,1,6722.1759,6.0206
time_slack_weight,0.05,1.1500,0.0575,R202_100.txt,2,6048.0411,17.5927
time_slack_weight,0.05,1.1500,0.0575,R202_100.txt,3,6029.8211,11.5495
time_slack_weight,0.05,1.1500,0.0575,R202_100.txt,4,6089.9869,4.7537
time_slack_weight,0.05,1.1500,0.0575,R202_100.txt,5,6117.7483,5.9961
time_slack_weight,0.05,1.3000,0.065,C102_50.txt,1,3053.4692,5.5391
time_slack_weight,0.05,1.3000,0.065,C102_50.txt,2,3015.3524,7.8733
time_slack_weight,0.05,1.3000,0.065,C102_50.txt,3,3058.2228,16.8574
time_slack_weight,0.05,1.3000,0.065,C102_50.txt,4,3016.9084,6.4512
time_slack_weight,0.05,1.3000,0.065,C102_50.txt,5,3016.9084,8.5562
time_slack_weight,0.05,1.3000,0.065,C201_100.txt,1,6533.7972,5.6909
time_slack_weight,0.05,1.3000,0.065,C201_100.txt,2,6499.0415,4.7352
time_slack_weight,0.05,1.3000,0.065,C201_100.txt,3,6415.8251,9.3669
time_slack_weight,0.05,1.3000,0.065,C201_100.txt,4,6388.3843,4.2904
time_slack_weight,0.05,1.3000,0.065,C201_100.txt,5,6995.7096,6.3499
time_slack_weight,0.05,1.3000,0.065,R102_25.txt,1,4318.4516,2.9848
time_slack_weight,0.05,1.3000,0.065,R102_25.txt,2,4315.0746,4.0816
time_slack_weight,0.05,1.3000,0.065,R102_25.txt,3,4303.0496,2.0571
time_slack_weight,0.05,1.3000,0.065,R102_25.txt,4,4272.8284,2.2083
time_slack_weight,0.05,1.3000,0.065,R102_25.txt,5,4300.8346,1.4866
time_slack_weight,0.05,1.3000,0.065,R201_50.txt,1,4048.1126,9.3020
time_slack_weight,0.05,1.3000,0.065,R201_50.txt,2,4090.4469,6.8038
time_slack_weight,0.05,1.3000,0.065,R201_50.txt,3,4049.7081,6.6259
time_slack_weight,0.05,1.3000,0.065,R201_50.txt,4,4110.9207,8.2594
time_slack_weight,0.05,1.3000,0.065,R201_50.txt,5,4091.8144,6.1083
time_slack_weight,0.05,1.3000,0.065,R202_100.txt,1,5546.1727,25.6331
time_slack_weight,0.05,1.3000,0.065,R202_100.txt,2,6048.0411,19.0701
time_slack_weight,0.05,1.3000,0.065,R202_100.txt,3,6029.8211,12.9118
time_slack_weight,0.05,1.3000,0.065,R202_100.txt,4,5554.0518,11.3348
time_slack_weight,0.05,1.3000,0.065,R202_100.txt,5,6065.1027,11.7285
time_slack_weight,0.05,1.5000,0.075,C102_50.txt,1,3053.4692,5.5270
time_slack_weight,0.05,1.5000,0.075,C102_50.txt,2,3015.3524,7.8196
time_slack_weight,0.05,1.5000,0.075,C102_50.txt,3,3058.2228,16.6396
time_slack_weight,0.05,1.5000,0.075,C102_50.txt,4,3016.9084,6.2231
time_slack_weight,0.05,1.5000,0.075,C102_50.txt,5,3016.9084,8.7030
time_slack_weight,0.05,1.5000,0.075,C201_100.txt,1,6533.7972,5.6785
time_slack_weight,0.05,1.5000,0.075,C201_100.txt,2,6499.0415,4.7647
time_slack_weight,0.05,1.5000,0.075,C201_100.txt,3,6415.8251,9.2253
time_slack_weight,0.05,1.5000,0.075,C201_100.txt,4,6388.3843,4.2896
time_slack_weight,0.05,1.5000,0.075,C201_100.txt,5,6995.7096,6.4888
time_slack_weight,0.05,1.5000,0.075,R102_25.txt,1,4318.4516,2.8356
time_slack_weight,0.05,1.5000,0.075,R102_25.txt,2,4331.6600,3.2886
time_slack_weight,0.05,1.5000,0.075,R102_25.txt,3,4303.0496,2.0521
time_slack_weight,0.05,1.5000,0.075,R102_25.txt,4,4272.8284,2.2309
time_slack_weight,0.05,1.5000,0.075,R102_25.txt,5,4300.8346,1.4135
time_slack_weight,0.05,1.5000,0.075,R201_50.txt,1,4048.1126,9.0436
time_slack_weight,0.05,1.5000,0.075,R201_50.txt,2,4090.4469,6.8237
time_slack_weight,0.05,1.5000,0.075,R201_50.txt,3,4049.7081,6.4989
time_slack_weight,0.05,1.5000,0.075,R201_50.txt,4,4110.9207,8.1422
time_slack_weight,0.05,1.5000,0.075,R201_50.txt,5,4091.8144,5.9034
time_slack_weight,0.05,1.5000,0.075,R202_100.txt,1,6074.8264,10.3434
time_slack_weight,0.05,1.5000,0.075,R202_100.txt,2,6048.0411,18.1262
time_slack_weight,0.05,1.5000,0.075,R202_100.txt,3,6003.0347,12.3958
time_slack_weight,0.05,1.5000,0.075,R202_100.txt,4,6253.8265,3.6012
time_slack_weight,0.05,1.5000,0.075,R202_100.txt,5,6065.1027,11.1211
route_duration_weight,0.03,0.5000,0.015,C102_50.txt,1,3016.9084,8.7850
route_duration_weight,0.03,0.5000,0.015,C102_50.txt,2,3015.3524,3.9543
route_duration_weight,0.03,0.5000,0.015,C102_50.txt,3,3128.6006,8.3550
route_duration_weight,0.03,0.5000,0.015,C102_50.txt,4,3016.9084,6.5467
route_duration_weight,0.03,0.5000,0.015,C102_50.txt,5,3016.9084,9.4622
route_duration_weight,0.03,0.5000,0.015,C201_100.txt,1,6534.7473,3.6560
route_duration_weight,0.03,0.5000,0.015,C201_100.txt,2,6482.8485,16.3287
route_duration_weight,0.03,0.5000,0.015,C201_100.txt,3,6976.6564,5.5733
route_duration_weight,0.03,0.5000,0.015,C201_100.txt,4,6436.8198,7.6938
route_duration_weight,0.03,0.5000,0.015,C201_100.txt,5,7016.4056,9.2177
route_duration_weight,0.03,0.5000,0.015,R102_25.txt,1,4318.4516,3.0989
route_duration_weight,0.03,0.5000,0.015,R102_25.txt,2,4331.6600,3.2744
route_duration_weight,0.03,0.5000,0.015,R102_25.txt,3,4303.0496,2.0294
route_duration_weight,0.03,0.5000,0.015,R102_25.txt,4,4267.0850,2.1067
route_duration_weight,0.03,0.5000,0.015,R102_25.txt,5,4300.8346,1.5729
route_duration_weight,0.03,0.5000,0.015,R201_50.txt,1,4072.7532,2.1941
route_duration_weight,0.03,0.5000,0.015,R201_50.txt,2,4157.0014,5.6928
route_duration_weight,0.03,0.5000,0.015,R201_50.txt,3,4037.8533,29.2038
route_duration_weight,0.03,0.5000,0.015,R201_50.txt,4,4110.9207,8.6806
route_duration_weight,0.03,0.5000,0.015,R201_50.txt,5,4091.8144,6.0664
route_duration_weight,0.03,0.5000,0.015,R202_100.txt,1,5506.8547,23.2440
route_duration_weight,0.03,0.5000,0.015,R202_100.txt,2,6078.7181,19.6951
route_duration_weight,0.03,0.5000,0.015,R202_100.txt,3,5514.7678,19.8279
route_duration_weight,0.03,0.5000,0.015,R202_100.txt,4,5522.5779,17.1310
route_duration_weight,0.03,0.5000,0.015,R202_100.txt,5,5575.2321,12.7464
route_duration_weight,0.03,0.7000,0.021,C102_50.txt,1,3016.9084,8.7089
route_duration_weight,0.03,0.7000,0.021,C102_50.txt,2,3015.3524,4.1127
route_duration_weight,0.03,0.7000,0.021,C102_50.txt,3,3058.2228,16.6522
route_duration_weight,0.03,0.7000,0.021,C102_50.txt,4,3016.9084,6.4053
route_duration_weight,0.03,0.7000,0.021,C102_50.txt,5,3064.0563,105.3393
route_duration_weight,0.03,0.7000,0.021,C201_100.txt,1,6429.1210,4.4899
route_duration_weight,0.03,0.7000,0.021,C201_100.txt,2,7007.8647,4.9325
route_duration_weight,0.03,0.7000,0.021,C201_100.txt,3,6964.6090,10.0346
route_duration_weight,0.03,0.7000,0.021,C201_100.txt,4,6422.1431,4.4178
route_duration_weight,0.03,0.7000,0.021,C201_100.txt,5,7009.1881,20.5027
route_duration_weight,0.03,0.7000,0.021,R102_25.txt,1,4318.4516,2.8859
route_duration_weight,0.03,0.7000,0.021,R102_25.txt,2,4331.6600,3.2988
route_duration_weight,0.03,0.7000,0.021,R102_25.txt,3,4303.0496,1.4162
route_duration_weight,0.03,0.7000,0.021,R102_25.txt,4,4267.0850,2.1607
route_duration_weight,0.03,0.7000,0.021,R102_25.txt,5,4300.8346,1.5522
route_duration_weight,0.03,0.7000,0.021,R201_50.txt,1,4072.7532,2.1754
route_duration_weight,0.03,0.7000,0.021,R201_50.txt,2,4157.0014,5.5641
route_duration_weight,0.03,0.7000,0.021,R201_50.txt,3,4049.7081,6.8249
route_duration_weight,0.03,0.7000,0.021,R201_50.txt,4,4110.9207,7.0847
route_duration_weight,0.03,0.7000,0.021,R201_50.txt,5,4091.8144,5.9088
route_duration_weight,0.03,0.7000,0.021,R202_100.txt,1,6100.5145,15.7860
route_duration_weight,0.03,0.7000,0.021,R202_100.txt,2,6048.0411,18.2510
route_duration_weight,0.03,0.7000,0.021,R202_100.txt,3,6054.1929,5.6657
route_duration_weight,0.03,0.7000,0.021,R202_100.txt,4,5967.2990,17.7002
route_duration_weight,0.03,0.7000,0.021,R202_100.txt,5,6080.9548,3.3858
route_duration_weight,0.03,0.8500,0.0255,C102_50.txt,1,3016.9084,8.0325
route_duration_weight,0.03,0.8500,0.0255,C102_50.txt,2,3015.3524,3.9472
route_duration_weight,0.03,0.8500,0.0255,C102_50.txt,3,3058.2228,15.2577
route_duration_weight,0.03,0.8500,0.0255,C102_50.txt,4,3016.9084,5.9827
route_duration_weight,0.03,0.8500,0.0255,C102_50.txt,5,3113.4978,5.0374
route_duration_weight,0.03,0.8500,0.0255,C201_100.txt,1,6429.1210,4.2586
route_duration_weight,0.03,0.8500,0.0255,C201_100.txt,2,6990.5218,6.2045
route_duration_weight,0.03,0.8500,0.0255,C201_100.txt,3,6982.3830,5.7105
route_duration_weight,0.03,0.8500,0.0255,C201_100.txt,4,6388.3843,3.6799
route_duration_weight,0.03,0.8500,0.0255,C201_100.txt,5,6995.7096,5.1186
route_duration_weight,0.03,0.8500,0.0255,R102_25.txt,1,4318.4516,2.6179
route_duration_weight,0.03,0.8500,0.0255,R102_25.txt,2,4331.6600,2.8345
route_duration_weight,0.03,0.8500,0.0255,R102_25.txt,3,4303.0496,1.7405
route_duration_weight,0.03,0.8500,0.0255,R102_25.txt,4,4267.0850,1.8339
route_duration_weight,0.03,0.8500,0.0255,R102_25.txt,5,4300.8346,1.3612
route_duration_weight,0.03,0.8500,0.0255,R201_50.txt,1,4114.8365,89.3557
route_duration_weight,0.03,0.8500,0.0255,R201_50.txt,2,4090.4469,5.7911
route_duration_weight,0.03,0.8500,0.0255,R201_50.txt,3,4049.7081,5.7987
route_duration_weight,0.03,0.8500,0.0255,R201_50.txt,4,4110.9207,7.1282
route_duration_weight,0.03,0.8500,0.0255,R201_50.txt,5,4091.8144,4.1766
route_duration_weight,0.03,0.8500,0.0255,R202_100.txt,1,6057.1000,11.4959
route_duration_weight,0.03,0.8500,0.0255,R202_100.txt,2,6048.0411,17.3533
route_duration_weight,0.03,0.8500,0.0255,R202_100.txt,3,6054.1929,5.3295
route_duration_weight,0.03,0.8500,0.0255,R202_100.txt,4,6089.9869,4.3757
route_duration_weight,0.03,0.8500,0.0255,R202_100.txt,5,5561.6513,9.1561
route_duration_weight,0.03,1.0000,0.03,C102_50.txt,1,3053.8802,11.1458
route_duration_weight,0.03,1.0000,0.03,C102_50.txt,2,3015.3524,4.8563
route_duration_weight,0.03,1.0000,0.03,C102_50.txt,3,3058.2228,16.7342
route_duration_weight,0.03,1.0000,0.03,C102_50.txt,4,3016.9084,7.9276
route_duration_weight,0.03,1.0000,0.03,C102_50.txt,5,3058.2228,15.0350
route_duration_weight,0.03,1.0000,0.03,C201_100.txt,1,6533.7972,6.4151
route_duration_weight,0.03,1.0000,0.03,C201_100.txt,2,6984.6355,18.6929
route_duration_weight,0.03,1.0000,0.03,C201_100.txt,3,6415.8251,9.7856
route_duration_weight,0.03,1.0000,0.03,C201_100.txt,4,6388.3843,5.0273
route_duration_weight,0.03,1.0000,0.03,C201_100.txt,5,6995.7096,6.0037
route_duration_weight,0.03,1.0000,0.03,R102_25.txt,1,4318.4516,2.8626
route_duration_weight,0.03,1.0000,0.03,R102_25.txt,2,4315.0746,3.8544
route_duration_weight,0.03,1.0000,0.03,R102_25.txt,3,4303.0496,2.0265
route_duration_weight,0.03,1.0000,0.03,R102_25.txt,4,4272.8284,2.1462
route_duration_weight,0.03,1.0000,0.03,R102_25.txt,5,4300.8346,1.4221
route_duration_weight,0.03,1.0000,0.03,R201_50.txt,1,4114.8365,89.7719
route_duration_weight,0.03,1.0000,0.03,R201_50.txt,2,4090.4469,6.2924
route_duration_weight,0.03,1.0000,0.03,R201_50.txt,3,4049.7081,6.2160
route_duration_weight,0.03,1.0000,0.03,R201_50.txt,4,4110.9207,7.3424
route_duration_weight,0.03,1.0000,0.03,R201_50.txt,5,4091.8144,5.6584
route_duration_weight,0.03,1.0000,0.03,R202_100.txt,1,6057.1000,9.1534
route_duration_weight,0.03,1.0000,0.03,R202_100.txt,2,6048.0411,18.0988
route_duration_weight,0.03,1.0000,0.03,R202_100.txt,3,6029.8211,13.7473
route_duration_weight,0.03,1.0000,0.03,R202_100.txt,4,6089.9869,4.9061
route_duration_weight,0.03,1.0000,0.03,R202_100.txt,5,6203.7881,6.7323
route_duration_weight,0.03,1.1500,0.0345,C102_50.txt,1,3053.8802,8.0983
route_duration_weight,0.03,1.1500,0.0345,C102_50.txt,2,3015.3524,3.9353
route_duration_weight,0.03,1.1500,0.0345,C102_50.txt,3,3058.2228,15.1004
route_duration_weight,0.03,1.1500,0.0345,C102_50.txt,4,3016.9084,5.9776
route_duration_weight,0.03,1.1500,0.0345,C102_50.txt,5,3123.5746,17.0891
route_duration_weight,0.03,1.1500,0.0345,C201_100.txt,1,6533.7972,5.4275
route_duration_weight,0.03,1.1500,0.0345,C201_100.txt,2,6474.7091,7.1076
route_duration_weight,0.03,1.1500,0.0345,C201_100.txt,3,6982.3830,5.6817
route_duration_weight,0.03,1.1500,0.0345,C201_100.txt,4,6388.3843,3.7125
route_duration_weight,0.03,1.1500,0.0345,C201_100.txt,5,6417.8023,14.3820
route_duration_weight,0.03,1.1500,0.0345,R102_25.txt,1,4318.4516,2.6542
route_duration_weight,0.03,1.1500,0.0345,R102_25.txt,2,4331.6600,2.8368
route_duration_weight,0.03,1.1500,0.0345,R102_25.txt,3,4303.0496,1.7560
route_duration_weight,0.03,1.1500,0.0345,R102_25.txt,4,4272.8284,1.9169
route_duration_weight,0.03,1.1500,0.0345,R102_25.txt,5,4300.8346,1.3382
route_duration_weight,0.03,1.1500,0.0345,R201_50.txt,1,4114.8365,90.4816
route_duration_weight,0.03,1.1500,0.0345,R201_50.txt,2,4090.4469,5.7713
route_duration_weight,0.03,1.1500,0.0345,R201_50.txt,3,4049.7081,5.9330
route_duration_weight,0.03,1.1500,0.0345,R201_50.txt,4,4110.9207,5.6958
route_duration_weight,0.03,1.1500,0.0345,R201_50.txt,5,4091.8144,5.3989
route_duration_weight,0.03,1.1500,0.0345,R202_100.txt,1,6057.1000,11.7060
route_duration_weight,0.03,1.1500,0.0345,R202_100.txt,2,6048.0411,18.2313
route_duration_weight,0.03,1.1500,0.0345,R202_100.txt,3,6029.8787,22.1379
route_duration_weight,0.03,1.1500,0.0345,R202_100.txt,4,6089.9869,4.3562
route_duration_weight,0.03,1.1500,0.0345,R202_100.txt,5,6203.7881,6.5336
route_duration_weight,0.03,1.3000,0.039,C102_50.txt,1,3053.8802,7.9340
route_duration_weight,0.03,1.3000,0.039,C102_50.txt,2,3015.3524,3.9371
route_duration_weight,0.03,1.3000,0.039,C102_50.txt,3,3058.2228,15.0535
route_duration_weight,0.03,1.3000,0.039,C102_50.txt,4,3016.9084,6.3762
route_duration_weight,0.03,1.3000,0.039,C102_50.txt,5,3058.3580,5.9224
route_duration_weight,0.03,1.3000,0.039,C201_100.txt,1,6533.7972,5.5687
route_duration_weight,0.03,1.3000,0.039,C201_100.txt,2,6463.1503,10.2831
route_duration_weight,0.03,1.3000,0.039,C201_100.txt,3,6415.8251,8.5608
route_duration_weight,0.03,1.3000,0.039,C201_100.txt,4,6388.3843,3.6493
route_duration_weight,0.03,1.3000,0.039,C201_100.txt,5,6420.0160,15.2224
route_duration_weight,0.03,1.3000,0.039,R102_25.txt,1,4318.4516,2.6500
route_duration_weight,0.03,1.3000,0.039,R102_25.txt,2,4315.0746,3.4618
route_duration_weight,0.03,1.3000,0.039,R102_25.txt,3,4303.0496,1.7285
route_duration_weight,0.03,1.3000,0.039,R102_25.txt,4,4272.8284,1.9444
route_duration_weight,0.03,1.3000,0.039,R102_25.txt,5,4300.8346,1.3445
route_duration_weight,0.03,1.3000,0.039,R201_50.txt,1,4114.8365,89.1671
route_duration_weight,0.03,1.3000,0.039,R201_50.txt,2,4158.7432,3.2408
route_duration_weight,0.03,1.3000,0.039,R201_50.txt,3,4049.7081,5.8755
route_duration_weight,0.03,1.3000,0.039,R201_50.txt,4,4110.9207,6.8077
route_duration_weight,0.03,1.3000,0.039,R201_50.txt,5,4091.8144,5.3298
route_duration_weight,0.03,1.3000,0.039,R202_100.txt,1,6057.1000,11.5486
route_duration_weight,0.03,1.3000,0.039,R202_100.txt,2,6048.0411,18.4206
route_duration_weight,0.03,1.3000,0.039,R202_100.txt,3,6051.6863,14.7357
route_duration_weight,0.03,1.3000,0.039,R202_100.txt,4,6089.9869,4.4066
route_duration_weight,0.03,1.3000,0.039,R202_100.txt,5,6203.7881,5.2637
route_duration_weight,0.03,1.5000,0.045,C102_50.txt,1,3053.8802,7.9408
route_duration_weight,0.03,1.5000,0.045,C102_50.txt,2,3015.3524,5.3796
route_duration_weight,0.03,1.5000,0.045,C102_50.txt,3,3016.9084,10.2179
route_duration_weight,0.03,1.5000,0.045,C102_50.txt,4,3016.9084,6.4251
route_duration_weight,0.03,1.5000,0.045,C102_50.txt,5,3016.9084,8.0883
route_duration_weight,0.03,1.5000,0.045,C201_100.txt,1,6990.8317,5.0987
route_duration_weight,0.03,1.5000,0.045,C201_100.txt,2,6463.1503,10.3198
route_duration_weight,0.03,1.5000,0.045,C201_100.txt,3,6415.8251,8.5659
route_duration_weight,0.03,1.5000,0.045,C201_100.txt,4,6392.7712,4.9824
route_duration_weight,0.03,1.5000,0.045,C201_100.txt,5,6417.8023,13.8727
route_duration_weight,0.03,1.5000,0.045,R102_25.txt,1,4318.4516,2.6004
route_duration_weight,0.03,1.5000,0.045,R102_25.txt,2,4315.0746,3.4827
route_duration_weight,0.03,1.5000,0.045,R102_25.txt,3,4303.0496,1.7662
route_duration_weight,0.03,1.5000,0.045,R102_25.txt,4,4272.8284,1.8788
route_duration_weight,0.03,1.5000,0.045,R102_25.txt,5,4300.8346,1.3806
route_duration_weight,0.03,1.5000,0.045,R201_50.txt,1,4114.8365,88.7812
route_duration_weight,0.03,1.5000,0.045,R201_50.txt,2,4158.7432,3.2608
route_duration_weight,0.03,1.5000,0.045,R201_50.txt,3,4049.7081,5.5970
route_duration_weight,0.03,1.5000,0.045,R201_50.txt,4,4110.9207,6.7211
route_duration_weight,0.03,1.5000,0.045,R201_50.txt,5,4087.9957,5.8800
route_duration_weight,0.03,1.5000,0.045,R202_100.txt,1,6127.3533,6.6726
route_duration_weight,0.03,1.5000,0.045,R202_100.txt,2,6106.1161,14.4068
route_duration_weight,0.03,1.5000,0.045,R202_100.txt,3,6182.9575,7.7421
route_duration_weight,0.03,1.5000,0.045,R202_100.txt,4,5521.8779,13.6132
route_duration_weight,0.03,1.5000,0.045,R202_100.txt,5,6111.2694,9.6264
risk_penalty_weight,10,0.5000,5,C102_50.txt,1,3053.8802,7.9609
risk_penalty_weight,10,0.5000,5,C102_50.txt,2,3015.3524,3.9430
risk_penalty_weight,10,0.5000,5,C102_50.txt,3,3058.2228,15.3552
risk_penalty_weight,10,0.5000,5,C102_50.txt,4,3016.9084,6.4097
risk_penalty_weight,10,0.5000,5,C102_50.txt,5,3058.2228,13.5177
risk_penalty_weight,10,0.5000,5,C201_100.txt,1,6533.7972,5.5023
risk_penalty_weight,10,0.5000,5,C201_100.txt,2,6970.3460,14.6600
risk_penalty_weight,10,0.5000,5,C201_100.txt,3,6415.8251,8.5608
risk_penalty_weight,10,0.5000,5,C201_100.txt,4,6388.3843,3.6623
risk_penalty_weight,10,0.5000,5,C201_100.txt,5,6995.7096,5.6295
risk_penalty_weight,10,0.5000,5,R102_25.txt,1,4318.4516,2.6889
risk_penalty_weight,10,0.5000,5,R102_25.txt,2,4315.0746,3.4866
risk_penalty_weight,10,0.5000,5,R102_25.txt,3,4303.0496,1.7880
risk_penalty_weight,10,0.5000,5,R102_25.txt,4,4267.0850,1.8392
risk_penalty_weight,10,0.5000,5,R102_25.txt,5,4284.6540,1.9249
risk_penalty_weight,10,0.5000,5,R201_50.txt,1,4111.9203,88.3457
risk_penalty_weight,10,0.5000,5,R201_50.txt,2,4059.4792,5.0525
risk_penalty_weight,10,0.5000,5,R201_50.txt,3,4049.7081,5.8623
risk_penalty_weight,10,0.5000,5,R201_50.txt,4,4110.9207,6.9794
risk_penalty_weight,10,0.5000,5,R201_50.txt,5,4091.8144,5.3495
risk_penalty_weight,10,0.5000,5,R202_100.txt,1,6057.1000,11.1419
risk_penalty_weight,10,0.5000,5,R202_100.txt,2,6048.0411,17.7213
risk_penalty_weight,10,0.5000,5,R202_100.txt,3,5496.7096,42.5382
risk_penalty_weight,10,0.5000,5,R202_100.txt,4,5478.0577,10.4192
risk_penalty_weight,10,0.5000,5,R202_100.txt,5,6203.7881,6.0751
risk_penalty_weight,10,0.7000,7,C102_50.txt,1,3053.8802,7.9435
risk_penalty_weight,10,0.7000,7,C102_50.txt,2,3015.3524,3.9682
risk_penalty_weight,10,0.7000,7,C102_50.txt,3,3058.2228,15.1218
risk_penalty_weight,10,0.7000,7,C102_50.txt,4,3016.9084,6.4555
risk_penalty_weight,10,0.7000,7,C102_50.txt,5,3058.2228,13.6144
risk_penalty_weight,10,0.7000,7,C201_100.txt,1,6533.7972,5.4603
risk_penalty_weight,10,0.7000,7,C201_100.txt,2,6978.3789,12.1969
risk_penalty_weight,10,0.7000,7,C201_100.txt,3,6415.8251,8.5459
risk_penalty_weight,10,0.7000,7,C201_100.txt,4,6388.3843,3.6586
risk_penalty_weight,10,0.7000,7,C201_100.txt,5,6995.7096,5.5451
risk_penalty_weight,10,0.7000,7,R102_25.txt,1,4318.4516,2.6870
risk_penalty_weight,10,0.7000,7,R102_25.txt,2,4315.0746,3.5445
risk_penalty_weight,10,0.7000,7,R102_25.txt,3,4303.0496,1.7826
risk_penalty_weight,10,0.7000,7,R102_25.txt,4,4267.0850,1.8572
risk_penalty_weight,10,0.7000,7,R102_25.txt,5,4300.8346,1.3556
risk_penalty_weight,10,0.7000,7,R201_50.txt,1,4114.8365,88.4839
risk_penalty_weight,10,0.7000,7,R201_50.txt,2,4090.4469,5.7681
risk_penalty_weight,10,0.7000,7,R201_50.txt,3,4049.7081,5.8451
risk_penalty_weight,10,0.7000,7,R201_50.txt,4,4110.9207,7.1261
risk_penalty_weight,10,0.7000,7,R201_50.txt,5,4091.8144,5.3056
risk_penalty_weight,10,0.7000,7,R202_100.txt,1,6057.1000,10.9778
risk_penalty_weight,10,0.7000,7,R202_100.txt,2,6048.0411,17.2328
risk_penalty_weight,10,0.7000,7,R202_100.txt,3,6263.5799,2.3996
risk_penalty_weight,10,0.7000,7,R202_100.txt,4,6089.9869,4.4277
risk_penalty_weight,10,0.7000,7,R202_100.txt,5,6203.7881,6.8275
risk_penalty_weight,10,0.8500,8.5,C102_50.txt,1,3053.8802,7.9553
risk_penalty_weight,10,0.8500,8.5,C102_50.txt,2,3015.3524,3.9595
risk_penalty_weight,10,0.8500,8.5,C102_50.txt,3,3058.2228,15.2566
risk_penalty_weight,10,0.8500,8.5,C102_50.txt,4,3016.9084,6.4192
risk_penalty_weight,10,0.8500,8.5,C102_50.txt,5,3058.2228,13.5361
risk_penalty_weight,10,0.8500,8.5,C201_100.txt,1,6533.7972,5.4632
risk_penalty_weight,10,0.8500,8.5,C201_100.txt,2,6984.6355,17.3059
risk_penalty_weight,10,0.8500,8.5,C201_100.txt,3,6415.8251,8.5720
risk_penalty_weight,10,0.8500,8.5,C201_100.txt,4,6388.3843,3.6704
risk_penalty_weight,10,0.8500,8.5,C201_100.txt,5,6995.7096,5.5619
risk_penalty_weight,10,0.8500,8.5,R102_25.txt,1,4318.4516,2.9035
risk_penalty_weight,10,0.8500,8.5,R102_25.txt,2,4315.0746,3.4924
risk_penalty_weight,10,0.8500,8.5,R102_25.txt,3,4303.0496,1.8133
risk_penalty_weight,10,0.8500,8.5,R102_25.txt,4,4267.0850,1.8191
risk_penalty_weight,10,0.8500,8.5,R102_25.txt,5,4300.8346,1.4472
risk_penalty_weight,10,0.8500,8.5,R201_50.txt,1,4114.8365,89.7719
risk_penalty_weight,10,0.8500,8.5,R201_50.txt,2,4090.4469,5.7969
risk_penalty_weight,10,0.8500,8.5,R201_50.txt,3,4049.7081,5.8485
risk_penalty_weight,10,0.8500,8.5,R201_50.txt,4,4110.9207,7.0262
risk_penalty_weight,10,0.8500,8.5,R201_50.txt,5,4091.8144,5.4366
risk_penalty_weight,10,0.8500,8.5,R202_100.txt,1,6057.1000,11.3982
risk_penalty_weight,10,0.8500,8.5,R202_100.txt,2,6048.0411,17.7418
risk_penalty_weight,10,0.8500,8.5,R202_100.txt,3,6263.5799,2.4571
risk_penalty_weight,10,0.8500,8.5,R202_100.txt,4,6089.9869,4.6174
risk_penalty_weight,10,0.8500,8.5,R202_100.txt,5,6203.7881,6.4804
risk_penalty_weight,10,1.0000,10,C102_50.txt,1,3053.8802,11.1458
risk_penalty_weight,10,1.0000,10,C102_50.txt,2,3015.3524,4.8563
risk_penalty_weight,10,1.0000,10,C102_50.txt,3,3058.2228,16.7342
risk_penalty_weight,10,1.0000,10,C102_50.txt,4,3016.9084,7.9276
risk_penalty_weight,10,1.0000,10,C102_50.txt,5,3058.2228,15.0350
risk_penalty_weight,10,1.0000,10,C201_100.txt,1,6533.7972,6.4151
risk_penalty_weight,10,1.0000,10,C201_100.txt,2,6984.6355,18.6929
risk_penalty_weight,10,1.0000,10,C201_100.txt,3,6415.8251,9.7856
risk_penalty_weight,10,1.0000,10,C201_100.txt,4,6388.3843,5.0273
risk_penalty_weight,10,1.0000,10,C201_100.txt,5,6995.7096,6.0037
risk_penalty_weight,10,1.0000,10,R102_25.txt,1,4318.4516,2.8626
risk_penalty_weight,10,1.0000,10,R102_25.txt,2,4315.0746,3.8544
risk_penalty_weight,10,1.0000,10,R102_25.txt,3,4303.0496,2.0265
risk_penalty_weight,10,1.0000,10,R102_25.txt,4,4272.8284,2.1462
risk_penalty_weight,10,1.0000,10,R102_25.txt,5,4300.8346,1.4221
risk_penalty_weight,10,1.0000,10,R201_50.txt,1,4114.8365,89.7719
risk_penalty_weight,10,1.0000,10,R201_50.txt,2,4090.4469,6.2924
risk_penalty_weight,10,1.0000,10,R201_50.txt,3,4049.7081,6.2160
risk_penalty_weight,10,1.0000,10,R201_50.txt,4,4110.9207,7.3424
risk_penalty_weight,10,1.0000,10,R201_50.txt,5,4091.8144,5.6584
risk_penalty_weight,10,1.0000,10,R202_100.txt,1,6057.1000,9.1534
risk_penalty_weight,10,1.0000,10,R202_100.txt,2,6048.0411,18.0988
risk_penalty_weight,10,1.0000,10,R202_100.txt,3,6029.8211,13.7473
risk_penalty_weight,10,1.0000,10,R202_100.txt,4,6089.9869,4.9061
risk_penalty_weight,10,1.0000,10,R202_100.txt,5,6203.7881,6.7323
risk_penalty_weight,10,1.1500,11.5,C102_50.txt,1,3053.8802,7.9650
risk_penalty_weight,10,1.1500,11.5,C102_50.txt,2,3015.3524,3.9452
risk_penalty_weight,10,1.1500,11.5,C102_50.txt,3,3058.2228,15.0779
risk_penalty_weight,10,1.1500,11.5,C102_50.txt,4,3016.9084,6.4668
risk_penalty_weight,10,1.1500,11.5,C102_50.txt,5,3058.2228,13.4544
risk_penalty_weight,10,1.1500,11.5,C201_100.txt,1,6533.7972,5.4408
risk_penalty_weight,10,1.1500,11.5,C201_100.txt,2,6984.6355,16.8156
risk_penalty_weight,10,1.1500,11.5,C201_100.txt,3,6415.8251,8.5951
risk_penalty_weight,10,1.1500,11.5,C201_100.txt,4,6388.3843,3.6616
risk_penalty_weight,10,1.1500,11.5,C201_100.txt,5,6995.7096,5.5218
risk_penalty_weight,10,1.1500,11.5,R102_25.txt,1,4318.4516,2.6812
risk_penalty_weight,10,1.1500,11.5,R102_25.txt,2,4315.0746,3.5037
risk_penalty_weight,10,1.1500,11.5,R102_25.txt,3,4303.0496,1.7935
risk_penalty_weight,10,1.1500,11.5,R102_25.txt,4,4267.0850,1.8139
risk_penalty_weight,10,1.1500,11.5,R102_25.txt,5,4300.8346,1.3434
risk_penalty_weight,10,1.1500,11.5,R201_50.txt,1,4114.8365,88.1335
risk_penalty_weight,10,1.1500,11.5,R201_50.txt,2,4090.4469,5.7423
risk_penalty_weight,10,1.1500,11.5,R201_50.txt,3,4049.7081,5.7944
risk_penalty_weight,10,1.1500,11.5,R201_50.txt,4,4110.9207,7.0297
risk_penalty_weight,10,1.1500,11.5,R201_50.txt,5,4091.8144,5.3189
risk_penalty_weight,10,1.1500,11.5,R202_100.txt,1,6057.1000,11.0428
risk_penalty_weight,10,1.1500,11.5,R202_100.txt,2,6048.0411,17.3355
risk_penalty_weight,10,1.1500,11.5,R202_100.txt,3,6029.8211,10.1423
risk_penalty_weight,10,1.1500,11.5,R202_100.txt,4,6089.9869,4.3092
risk_penalty_weight,10,1.1500,11.5,R202_100.txt,5,6203.7881,6.2326
risk_penalty_weight,10,1.3000,13,C102_50.txt,1,3053.8802,7.9708
risk_penalty_weight,10,1.3000,13,C102_50.txt,2,3015.3524,3.9800
risk_penalty_weight,10,1.3000,13,C102_50.txt,3,3058.2228,15.4719
risk_penalty_weight,10,1.3000,13,C102_50.txt,4,3016.9084,6.4186
risk_penalty_weight,10,1.3000,13,C102_50.txt,5,3058.2228,13.6095
risk_penalty_weight,10,1.3000,13,C201_100.txt,1,6533.7972,5.4628
risk_penalty_weight,10,1.3000,13,C201_100.txt,2,6990.5218,6.3274
risk_penalty_weight,10,1.3000,13,C201_100.txt,3,6415.8251,8.5757
risk_penalty_weight,10,1.3000,13,C201_100.txt,4,6388.3843,3.7156
risk_penalty_weight,10,1.3000,13,C201_100.txt,5,6995.7096,5.5470
risk_penalty_weight,10,1.3000,13,R102_25.txt,1,4318.4516,2.6233
risk_penalty_weight,10,1.3000,13,R102_25.txt,2,4315.0746,3.4763
risk_penalty_weight,10,1.3000,13,R102_25.txt,3,4303.0496,1.8078
risk_penalty_weight,10,1.3000,13,R102_25.txt,4,4272.8284,1.9005
risk_penalty_weight,10,1.3000,13,R102_25.txt,5,4300.8346,1.3367
risk_penalty_weight,10,1.3000,13,R201_50.txt,1,4114.8365,88.4789
risk_penalty_weight,10,1.3000,13,R201_50.txt,2,4090.4469,5.8069
risk_penalty_weight,10,1.3000,13,R201_50.txt,3,4049.7081,5.8185
risk_penalty_weight,10,1.3000,13,R201_50.txt,4,4110.9207,7.1401
risk_penalty_weight,10,1.3000,13,R201_50.txt,5,4132.1286,3.5430
risk_penalty_weight,10,1.3000,13,R202_100.txt,1,6057.1000,11.3011
risk_penalty_weight,10,1.3000,13,R202_100.txt,2,6048.0411,17.5960
risk_penalty_weight,10,1.3000,13,R202_100.txt,3,6029.8211,12.2489
risk_penalty_weight,10,1.3000,13,R202_100.txt,4,6089.9869,4.5067
risk_penalty_weight,10,1.3000,13,R202_100.txt,5,6203.7881,5.2449
risk_penalty_weight,10,1.5000,15,C102_50.txt,1,3053.8802,8.0219
risk_penalty_weight,10,1.5000,15,C102_50.txt,2,3015.3524,3.9449
risk_penalty_weight,10,1.5000,15,C102_50.txt,3,3058.2228,15.1080
risk_penalty_weight,10,1.5000,15,C102_50.txt,4,3016.9084,6.4073
risk_penalty_weight,10,1.5000,15,C102_50.txt,5,3058.2228,13.6297
risk_penalty_weight,10,1.5000,15,C201_100.txt,1,6533.7972,5.4400
risk_penalty_weight,10,1.5000,15,C201_100.txt,2,6990.5218,6.2521
risk_penalty_weight,10,1.5000,15,C201_100.txt,3,6415.8251,8.5942
risk_penalty_weight,10,1.5000,15,C201_100.txt,4,6388.3843,3.7183
risk_penalty_weight,10,1.5000,15,C201_100.txt,5,6995.7096,5.5986
risk_penalty_weight,10,1.5000,15,R102_25.txt,1,4318.4516,2.6782
risk_penalty_weight,10,1.5000,15,R102_25.txt,2,4315.0746,3.6082
risk_penalty_weight,10,1.5000,15,R102_25.txt,3,4303.0496,1.8012
risk_penalty_weight,10,1.5000,15,R102_25.txt,4,4272.8284,1.9089
risk_penalty_weight,10,1.5000,15,R102_25.txt,5,4300.8346,1.3496
risk_penalty_weight,10,1.5000,15,R201_50.txt,1,4114.8365,88.9156
risk_penalty_weight,10,1.5000,15,R201_50.txt,2,4090.4469,5.8016
risk_penalty_weight,10,1.5000,15,R201_50.txt,3,4049.7081,5.8477
risk_penalty_weight,10,1.5000,15,R201_50.txt,4,4110.9207,7.0288
risk_penalty_weight,10,1.5000,15,R201_50.txt,5,4132.1286,3.6218
risk_penalty_weight,10,1.5000,15,R202_100.txt,1,6057.1000,11.2058
risk_penalty_weight,10,1.5000,15,R202_100.txt,2,6048.0411,17.4639
risk_penalty_weight,10,1.5000,15,R202_100.txt,3,6029.8211,12.1751
risk_penalty_weight,10,1.5000,15,R202_100.txt,4,6089.9869,4.5541
risk_penalty_weight,10,1.5000,15,R202_100.txt,5,6203.7881,5.2549
risk_ratio_weight,40,0.5000,20,C102_50.txt,1,3053.8802,8.0193
risk_ratio_weight,40,0.5000,20,C102_50.txt,2,3015.3524,4.0457
risk_ratio_weight,40,0.5000,20,C102_50.txt,3,3058.2228,15.2324
risk_ratio_weight,40,0.5000,20,C102_50.txt,4,3016.9084,6.4173
risk_ratio_weight,40,0.5000,20,C102_50.txt,5,3058.2228,13.5732
risk_ratio_weight,40,0.5000,20,C201_100.txt,1,6533.7972,5.5059
risk_ratio_weight,40,0.5000,20,C201_100.txt,2,6984.6355,16.8862
risk_ratio_weight,40,0.5000,20,C201_100.txt,3,6985.4720,6.3862
risk_ratio_weight,40,0.5000,20,C201_100.txt,4,6388.3843,3.7381
risk_ratio_weight,40,0.5000,20,C201_100.txt,5,6995.7096,5.6292
risk_ratio_weight,40,0.5000,20,R102_25.txt,1,4318.4516,2.6795
risk_ratio_weight,40,0.5000,20,R102_25.txt,2,4315.0746,3.4740
risk_ratio_weight,40,0.5000,20,R102_25.txt,3,4303.0496,1.7854
risk_ratio_weight,40,0.5000,20,R102_25.txt,4,4267.0850,1.8306
risk_ratio_weight,40,0.5000,20,R102_25.txt,5,4300.8346,1.3617
risk_ratio_weight,40,0.5000,20,R201_50.txt,1,4114.8365,89.2057
risk_ratio_weight,40,0.5000,20,R201_50.txt,2,4090.4469,5.8978
risk_ratio_weight,40,0.5000,20,R201_50.txt,3,4049.7081,5.8905
risk_ratio_weight,40,0.5000,20,R201_50.txt,4,4110.9207,5.3599
risk_ratio_weight,40,0.5000,20,R201_50.txt,5,4091.8144,5.3242
risk_ratio_weight,40,0.5000,20,R202_100.txt,1,6057.1000,11.4200
risk_ratio_weight,40,0.5000,20,R202_100.txt,2,6048.0411,17.4663
risk_ratio_weight,40,0.5000,20,R202_100.txt,3,6263.5799,3.1072
risk_ratio_weight,40,0.5000,20,R202_100.txt,4,6089.9869,4.6403
risk_ratio_weight,40,0.5000,20,R202_100.txt,5,6203.7881,6.7138
risk_ratio_weight,40,0.7000,28,C102_50.txt,1,3053.8802,7.9625
risk_ratio_weight,40,0.7000,28,C102_50.txt,2,3015.3524,3.9423
risk_ratio_weight,40,0.7000,28,C102_50.txt,3,3058.2228,15.1339
risk_ratio_weight,40,0.7000,28,C102_50.txt,4,3016.9084,6.4838
risk_ratio_weight,40,0.7000,28,C102_50.txt,5,3058.2228,13.5643
risk_ratio_weight,40,0.7000,28,C201_100.txt,1,6533.7972,5.4635
risk_ratio_weight,40,0.7000,28,C201_100.txt,2,6984.6355,17.1255
risk_ratio_weight,40,0.7000,28,C201_100.txt,3,6985.4720,6.3845
risk_ratio_weight,40,0.7000,28,C201_100.txt,4,6388.3843,3.6853
risk_ratio_weight,40,0.7000,28,C201_100.txt,5,6995.7096,5.5218
risk_ratio_weight,40,0.7000,28,R102_25.txt,1,4318.4516,2.6739
risk_ratio_weight,40,0.7000,28,R102_25.txt,2,4315.0746,3.4874
risk_ratio_weight,40,0.7000,28,R102_25.txt,3,4303.0496,1.7843
risk_ratio_weight,40,0.7000,28,R102_25.txt,4,4267.0850,1.8618
risk_ratio_weight,40,0.7000,28,R102_25.txt,5,4300.8346,1.3299
risk_ratio_weight,40,0.7000,28,R201_50.txt,1,4114.8365,89.3640
risk_ratio_weight,40,0.7000,28,R201_50.txt,2,4090.4469,5.8010
risk_ratio_weight,40,0.7000,28,R201_50.txt,3,4049.7081,5.8170
risk_ratio_weight,40,0.7000,28,R201_50.txt,4,4110.9207,5.3623
risk_ratio_weight,40,0.7000,28,R201_50.txt,5,4091.8144,5.3084
risk_ratio_weight,40,0.7000,28,R202_100.txt,1,6057.1000,11.1358
risk_ratio_weight,40,0.7000,28,R202_100.txt,2,6048.0411,17.5540
risk_ratio_weight,40,0.7000,28,R202_100.txt,3,6263.5799,3.1012
risk_ratio_weight,40,0.7000,28,R202_100.txt,4,6089.9869,4.4985
risk_ratio_weight,40,0.7000,28,R202_100.txt,5,6203.7881,6.0956
risk_ratio_weight,40,0.8500,34,C102_50.txt,1,3053.8802,7.9677
risk_ratio_weight,40,0.8500,34,C102_50.txt,2,3015.3524,4.0463
risk_ratio_weight,40,0.8500,34,C102_50.txt,3,3058.2228,15.1113
risk_ratio_weight,40,0.8500,34,C102_50.txt,4,3016.9084,6.4221
risk_ratio_weight,40,0.8500,34,C102_50.txt,5,3058.2228,13.5494
risk_ratio_weight,40,0.8500,34,C201_100.txt,1,6533.7972,5.4467
risk_ratio_weight,40,0.8500,34,C201_100.txt,2,6984.6355,16.7955
risk_ratio_weight,40,0.8500,34,C201_100.txt,3,6985.4720,6.3633
risk_ratio_weight,40,0.8500,34,C201_100.txt,4,6388.3843,3.7140
risk_ratio_weight,40,0.8500,34,C201_100.txt,5,6995.7096,5.5290
risk_ratio_weight,40,0.8500,34,R102_25.txt,1,4318.4516,2.6548
risk_ratio_weight,40,0.8500,34,R102_25.txt,2,4315.0746,3.4793
risk_ratio_weight,40,0.8500,34,R102_25.txt,3,4303.0496,1.7951
risk_ratio_weight,40,0.8500,34,R102_25.txt,4,4267.0850,1.8355
risk_ratio_weight,40,0.8500,34,R102_25.txt,5,4300.8346,1.3227
risk_ratio_weight,40,0.8500,34,R201_50.txt,1,4114.8365,89.1630
risk_ratio_weight,40,0.8500,34,R201_50.txt,2,4090.4469,5.8231
risk_ratio_weight,40,0.8500,34,R201_50.txt,3,4049.7081,5.8055
risk_ratio_weight,40,0.8500,34,R201_50.txt,4,4110.9207,5.4511
risk_ratio_weight,40,0.8500,34,R201_50.txt,5,4091.8144,5.3128
risk_ratio_weight,40,0.8500,34,R202_100.txt,1,6057.1000,10.9936
risk_ratio_weight,40,0.8500,34,R202_100.txt,2,6048.0411,17.2152
risk_ratio_weight,40,0.8500,34,R202_100.txt,3,6263.5799,3.1039
risk_ratio_weight,40,0.8500,34,R202_100.txt,4,6089.9869,4.3816
risk_ratio_weight,40,0.8500,34,R202_100.txt,5,6203.7881,5.9834
risk_ratio_weight,40,1.0000,40,C102_50.txt,1,3053.8802,11.1458
risk_ratio_weight,40,1.0000,40,C102_50.txt,2,3015.3524,4.8563
risk_ratio_weight,40,1.0000,40,C102_50.txt,3,3058.2228,16.7342
risk_ratio_weight,40,1.0000,40,C102_50.txt,4,3016.9084,7.9276
risk_ratio_weight,40,1.0000,40,C102_50.txt,5,3058.2228,15.0350
risk_ratio_weight,40,1.0000,40,C201_100.txt,1,6533.7972,6.4151
risk_ratio_weight,40,1.0000,40,C201_100.txt,2,6984.6355,18.6929
risk_ratio_weight,40,1.0000,40,C201_100.txt,3,6415.8251,9.7856
risk_ratio_weight,40,1.0000,40,C201_100.txt,4,6388.3843,5.0273
risk_ratio_weight,40,1.0000,40,C201_100.txt,5,6995.7096,6.0037
risk_ratio_weight,40,1.0000,40,R102_25.txt,1,4318.4516,2.8626
risk_ratio_weight,40,1.0000,40,R102_25.txt,2,4315.0746,3.8544
risk_ratio_weight,40,1.0000,40,R102_25.txt,3,4303.0496,2.0265
risk_ratio_weight,40,1.0000,40,R102_25.txt,4,4272.8284,2.1462
risk_ratio_weight,40,1.0000,40,R102_25.txt,5,4300.8346,1.4221
risk_ratio_weight,40,1.0000,40,R201_50.txt,1,4114.8365,89.7719
risk_ratio_weight,40,1.0000,40,R201_50.txt,2,4090.4469,6.2924
risk_ratio_weight,40,1.0000,40,R201_50.txt,3,4049.7081,6.2160
risk_ratio_weight,40,1.0000,40,R201_50.txt,4,4110.9207,7.3424
risk_ratio_weight,40,1.0000,40,R201_50.txt,5,4091.8144,5.6584
risk_ratio_weight,40,1.0000,40,R202_100.txt,1,6057.1000,9.1534
risk_ratio_weight,40,1.0000,40,R202_100.txt,2,6048.0411,18.0988
risk_ratio_weight,40,1.0000,40,R202_100.txt,3,6029.8211,13.7473
risk_ratio_weight,40,1.0000,40,R202_100.txt,4,6089.9869,4.9061
risk_ratio_weight,40,1.0000,40,R202_100.txt,5,6203.7881,6.7323
risk_ratio_weight,40,1.1500,46,C102_50.txt,1,3053.8802,7.9537
risk_ratio_weight,40,1.1500,46,C102_50.txt,2,3015.3524,3.9431
risk_ratio_weight,40,1.1500,46,C102_50.txt,3,3058.2228,15.1079
risk_ratio_weight,40,1.1500,46,C102_50.txt,4,3016.9084,6.4576
risk_ratio_weight,40,1.1500,46,C102_50.txt,5,3058.2228,13.6229
risk_ratio_weight,40,1.1500,46,C201_100.txt,1,6533.7972,5.4787
risk_ratio_weight,40,1.1500,46,C201_100.txt,2,6984.6355,16.8316
risk_ratio_weight,40,1.1500,46,C201_100.txt,3,6415.8251,8.7109
risk_ratio_weight,40,1.1500,46,C201_100.txt,4,6388.3843,3.6599
risk_ratio_weight,40,1.1500,46,C201_100.txt,5,6995.7096,5.5198
risk_ratio_weight,40,1.1500,46,R102_25.txt,1,4318.4516,2.6740
risk_ratio_weight,40,1.1500,46,R102_25.txt,2,4315.0746,3.5904
risk_ratio_weight,40,1.1500,46,R102_25.txt,3,4303.0496,1.7957
risk_ratio_weight,40,1.1500,46,R102_25.txt,4,4267.0850,1.8484
risk_ratio_weight,40,1.1500,46,R102_25.txt,5,4300.8346,1.3307
risk_ratio_weight,40,1.1500,46,R201_50.txt,1,4114.8365,88.4884
risk_ratio_weight,40,1.1500,46,R201_50.txt,2,4090.4469,5.8227
risk_ratio_weight,40,1.1500,46,R201_50.txt,3,4049.7081,5.8412
risk_ratio_weight,40,1.1500,46,R201_50.txt,4,4110.9207,7.0530
risk_ratio_weight,40,1.1500,46,R201_50.txt,5,4091.8144,5.2690
risk_ratio_weight,40,1.1500,46,R202_100.txt,1,6057.1000,11.3117
risk_ratio_weight,40,1.1500,46,R202_100.txt,2,6048.0411,17.5018
risk_ratio_weight,40,1.1500,46,R202_100.txt,3,6263.5799,2.3957
risk_ratio_weight,40,1.1500,46,R202_100.txt,4,6089.9869,4.4791
risk_ratio_weight,40,1.1500,46,R202_100.txt,5,6203.7881,6.4206
risk_ratio_weight,40,1.3000,52,C102_50.txt,1,3053.8802,8.1580
risk_ratio_weight,40,1.3000,52,C102_50.txt,2,3015.3524,3.9481
risk_ratio_weight,40,1.3000,52,C102_50.txt,3,3058.2228,15.1368
risk_ratio_weight,40,1.3000,52,C102_50.txt,4,3016.9084,6.4172
risk_ratio_weight,40,1.3000,52,C102_50.txt,5,3058.2228,13.6351
risk_ratio_weight,40,1.3000,52,C201_100.txt,1,6533.7972,5.4656
risk_ratio_weight,40,1.3000,52,C201_100.txt,2,6984.6355,16.8938
risk_ratio_weight,40,1.3000,52,C201_100.txt,3,6415.8251,8.5633
risk_ratio_weight,40,1.3000,52,C201_100.txt,4,6388.3843,3.6691
risk_ratio_weight,40,1.3000,52,C201_100.txt,5,6995.7096,5.5748
risk_ratio_weight,40,1.3000,52,R102_25.txt,1,4318.4516,2.6716
risk_ratio_weight,40,1.3000,52,R102_25.txt,2,4315.0746,3.5389
risk_ratio_weight,40,1.3000,52,R102_25.txt,3,4303.0496,1.7937
risk_ratio_weight,40,1.3000,52,R102_25.txt,4,4272.8284,1.9915
risk_ratio_weight,40,1.3000,52,R102_25.txt,5,4300.8346,1.3275
risk_ratio_weight,40,1.3000,52,R201_50.txt,1,4114.8365,89.3677
risk_ratio_weight,40,1.3000,52,R201_50.txt,2,4090.4469,5.7636
risk_ratio_weight,40,1.3000,52,R201_50.txt,3,4049.7081,5.7919
risk_ratio_weight,40,1.3000,52,R201_50.txt,4,4110.9207,7.0135
risk_ratio_weight,40,1.3000,52,R201_50.txt,5,4091.8144,5.4042
risk_ratio_weight,40,1.3000,52,R202_100.txt,1,6057.1000,11.2427
risk_ratio_weight,40,1.3000,52,R202_100.txt,2,6048.0411,18.0656
risk_ratio_weight,40,1.3000,52,R202_100.txt,3,6029.8211,10.3205
risk_ratio_weight,40,1.3000,52,R202_100.txt,4,6089.9869,4.5855
risk_ratio_weight,40,1.3000,52,R202_100.txt,5,6203.7881,5.6669
risk_ratio_weight,40,1.5000,60,C102_50.txt,1,3053.8802,7.9142
risk_ratio_weight,40,1.5000,60,C102_50.txt,2,3015.3524,4.0061
risk_ratio_weight,40,1.5000,60,C102_50.txt,3,3058.2228,15.1029
risk_ratio_weight,40,1.5000,60,C102_50.txt,4,3016.9084,6.3685
risk_ratio_weight,40,1.5000,60,C102_50.txt,5,3058.2228,13.5024
risk_ratio_weight,40,1.5000,60,C201_100.txt,1,6533.7972,5.4228
risk_ratio_weight,40,1.5000,60,C201_100.txt,2,6984.6355,16.8191
risk_ratio_weight,40,1.5000,60,C201_100.txt,3,6415.8251,8.5159
risk_ratio_weight,40,1.5000,60,C201_100.txt,4,6388.3843,3.6956
risk_ratio_weight,40,1.5000,60,C201_100.txt,5,6995.7096,5.5246
risk_ratio_weight,40,1.5000,60,R102_25.txt,1,4318.4516,2.6815
risk_ratio_weight,40,1.5000,60,R102_25.txt,2,4315.0746,3.4765
risk_ratio_weight,40,1.5000,60,R102_25.txt,3,4303.0496,1.7732
risk_ratio_weight,40,1.5000,60,R102_25.txt,4,4272.8284,1.8970
risk_ratio_weight,40,1.5000,60,R102_25.txt,5,4300.8346,1.3305
risk_ratio_weight,40,1.5000,60,R201_50.txt,1,4114.8365,88.4806
risk_ratio_weight,40,1.5000,60,R201_50.txt,2,4090.4469,5.8961
risk_ratio_weight,40,1.5000,60,R201_50.txt,3,4049.7081,5.7996
risk_ratio_weight,40,1.5000,60,R201_50.txt,4,4110.9207,6.9342
risk_ratio_weight,40,1.5000,60,R201_50.txt,5,4091.8144,5.2569
risk_ratio_weight,40,1.5000,60,R202_100.txt,1,6057.1000,11.1798
risk_ratio_weight,40,1.5000,60,R202_100.txt,2,6048.0411,17.4886
risk_ratio_weight,40,1.5000,60,R202_100.txt,3,6029.8211,10.3686
risk_ratio_weight,40,1.5000,60,R202_100.txt,4,6089.9869,4.4712
risk_ratio_weight,40,1.5000,60,R202_100.txt,5,6203.7881,6.3926
platform_gain_weight,0.2,0.5000,0.1,C102_50.txt,1,3053.8802,7.9295
platform_gain_weight,0.2,0.5000,0.1,C102_50.txt,2,3015.3524,3.9183
platform_gain_weight,0.2,0.5000,0.1,C102_50.txt,3,3058.2228,15.1160
platform_gain_weight,0.2,0.5000,0.1,C102_50.txt,4,3016.9084,6.3831
platform_gain_weight,0.2,0.5000,0.1,C102_50.txt,5,3058.2228,13.6486
platform_gain_weight,0.2,0.5000,0.1,C201_100.txt,1,6533.7972,5.4254
platform_gain_weight,0.2,0.5000,0.1,C201_100.txt,2,6984.6355,16.7007
platform_gain_weight,0.2,0.5000,0.1,C201_100.txt,3,6415.8251,8.5720
platform_gain_weight,0.2,0.5000,0.1,C201_100.txt,4,6388.3843,3.6496
platform_gain_weight,0.2,0.5000,0.1,C201_100.txt,5,6995.7096,5.5057
platform_gain_weight,0.2,0.5000,0.1,R102_25.txt,1,4318.4516,2.6126
platform_gain_weight,0.2,0.5000,0.1,R102_25.txt,2,4315.0746,3.4747
platform_gain_weight,0.2,0.5000,0.1,R102_25.txt,3,4303.0496,1.7730
platform_gain_weight,0.2,0.5000,0.1,R102_25.txt,4,4272.8284,1.8821
platform_gain_weight,0.2,0.5000,0.1,R102_25.txt,5,4300.8346,1.3220
platform_gain_weight,0.2,0.5000,0.1,R201_50.txt,1,4114.8365,88.8923
platform_gain_weight,0.2,0.5000,0.1,R201_50.txt,2,4090.4469,5.7651
platform_gain_weight,0.2,0.5000,0.1,R201_50.txt,3,4049.7081,5.7939
platform_gain_weight,0.2,0.5000,0.1,R201_50.txt,4,4110.9207,6.9395
platform_gain_weight,0.2,0.5000,0.1,R201_50.txt,5,4091.8144,5.2564
platform_gain_weight,0.2,0.5000,0.1,R202_100.txt,1,6057.1000,11.1205
platform_gain_weight,0.2,0.5000,0.1,R202_100.txt,2,6048.0411,17.3606
platform_gain_weight,0.2,0.5000,0.1,R202_100.txt,3,6029.8211,10.1003
platform_gain_weight,0.2,0.5000,0.1,R202_100.txt,4,6089.9869,4.5094
platform_gain_weight,0.2,0.5000,0.1,R202_100.txt,5,6203.7881,6.3708
platform_gain_weight,0.2,0.7000,0.14,C102_50.txt,1,3053.8802,7.9797
platform_gain_weight,0.2,0.7000,0.14,C102_50.txt,2,3015.3524,4.0006
platform_gain_weight,0.2,0.7000,0.14,C102_50.txt,3,3058.2228,15.0575
platform_gain_weight,0.2,0.7000,0.14,C102_50.txt,4,3016.9084,6.5157
platform_gain_weight,0.2,0.7000,0.14,C102_50.txt,5,3058.2228,13.5372
platform_gain_weight,0.2,0.7000,0.14,C201_100.txt,1,6533.7972,5.4264
platform_gain_weight,0.2,0.7000,0.14,C201_100.txt,2,6984.6355,16.9147
platform_gain_weight,0.2,0.7000,0.14,C201_100.txt,3,6415.8251,8.5517
platform_gain_weight,0.2,0.7000,0.14,C201_100.txt,4,6388.3843,3.7159
platform_gain_weight,0.2,0.7000,0.14,C201_100.txt,5,6995.7096,5.5333
platform_gain_weight,0.2,0.7000,0.14,R102_25.txt,1,4318.4516,2.6828
platform_gain_weight,0.2,0.7000,0.14,R102_25.txt,2,4315.0746,3.4700
platform_gain_weight,0.2,0.7000,0.14,R102_25.txt,3,4303.0496,1.7762
platform_gain_weight,0.2,0.7000,0.14,R102_25.txt,4,4272.8284,1.8848
platform_gain_weight,0.2,0.7000,0.14,R102_25.txt,5,4300.8346,1.3604
platform_gain_weight,0.2,0.7000,0.14,R201_50.txt,1,4114.8365,88.0656
platform_gain_weight,0.2,0.7000,0.14,R201_50.txt,2,4090.4469,5.8124
platform_gain_weight,0.2,0.7000,0.14,R201_50.txt,3,4049.7081,5.7831
platform_gain_weight,0.2,0.7000,0.14,R201_50.txt,4,4110.9207,7.0214
platform_gain_weight,0.2,0.7000,0.14,R201_50.txt,5,4091.8144,5.3112
platform_gain_weight,0.2,0.7000,0.14,R202_100.txt,1,6057.1000,11.2771
platform_gain_weight,0.2,0.7000,0.14,R202_100.txt,2,6048.0411,17.5366
platform_gain_weight,0.2,0.7000,0.14,R202_100.txt,3,6029.8211,10.4204
platform_gain_weight,0.2,0.7000,0.14,R202_100.txt,4,6089.9869,4.5291
platform_gain_weight,0.2,0.7000,0.14,R202_100.txt,5,6203.7881,6.4253
platform_gain_weight,0.2,0.8500,0.17,C102_50.txt,1,3053.8802,8.0436
platform_gain_weight,0.2,0.8500,0.17,C102_50.txt,2,3015.3524,3.9679
platform_gain_weight,0.2,0.8500,0.17,C102_50.txt,3,3058.2228,15.0905
platform_gain_weight,0.2,0.8500,0.17,C102_50.txt,4,3016.9084,6.4300
platform_gain_weight,0.2,0.8500,0.17,C102_50.txt,5,3058.2228,13.5403
platform_gain_weight,0.2,0.8500,0.17,C201_100.txt,1,6533.7972,5.4377
platform_gain_weight,0.2,0.8500,0.17,C201_100.txt,2,6984.6355,16.8136
platform_gain_weight,0.2,0.8500,0.17,C201_100.txt,3,6415.8251,8.5739
platform_gain_weight,0.2,0.8500,0.17,C201_100.txt,4,6388.3843,3.6594
platform_gain_weight,0.2,0.8500,0.17,C201_100.txt,5,6995.7096,5.6333
platform_gain_weight,0.2,0.8500,0.17,R102_25.txt,1,4318.4516,2.6517
platform_gain_weight,0.2,0.8500,0.17,R102_25.txt,2,4315.0746,3.4891
platform_gain_weight,0.2,0.8500,0.17,R102_25.txt,3,4303.0496,1.7788
platform_gain_weight,0.2,0.8500,0.17,R102_25.txt,4,4272.8284,1.8893
platform_gain_weight,0.2,0.8500,0.17,R102_25.txt,5,4300.8346,1.3474
platform_gain_weight,0.2,0.8500,0.17,R201_50.txt,1,4114.8365,88.6885
platform_gain_weight,0.2,0.8500,0.17,R201_50.txt,2,4090.4469,5.7773
platform_gain_weight,0.2,0.8500,0.17,R201_50.txt,3,4049.7081,5.7878
platform_gain_weight,0.2,0.8500,0.17,R201_50.txt,4,4110.9207,6.9495
platform_gain_weight,0.2,0.8500,0.17,R201_50.txt,5,4091.8144,5.2623
platform_gain_weight,0.2,0.8500,0.17,R202_100.txt,1,6057.1000,11.0806
platform_gain_weight,0.2,0.8500,0.17,R202_100.txt,2,6048.0411,17.3765
platform_gain_weight,0.2,0.8500,0.17,R202_100.txt,3,6029.8211,10.1144
platform_gain_weight,0.2,0.8500,0.17,R202_100.txt,4,6089.9869,4.3696
platform_gain_weight,0.2,0.8500,0.17,R202_100.txt,5,6203.7881,6.2392
platform_gain_weight,0.2,1.0000,0.2,C102_50.txt,1,3053.8802,11.1458
platform_gain_weight,0.2,1.0000,0.2,C102_50.txt,2,3015.3524,4.8563
platform_gain_weight,0.2,1.0000,0.2,C102_50.txt,3,3058.2228,16.7342
platform_gain_weight,0.2,1.0000,0.2,C102_50.txt,4,3016.9084,7.9276
platform_gain_weight,0.2,1.0000,0.2,C102_50.txt,5,3058.2228,15.0350
platform_gain_weight,0.2,1.0000,0.2,C201_100.txt,1,6533.7972,6.4151
platform_gain_weight,0.2,1.0000,0.2,C201_100.txt,2,6984.6355,18.6929
platform_gain_weight,0.2,1.0000,0.2,C201_100.txt,3,6415.8251,9.7856
platform_gain_weight,0.2,1.0000,0.2,C201_100.txt,4,6388.3843,5.0273
platform_gain_weight,0.2,1.0000,0.2,C201_100.txt,5,6995.7096,6.0037
platform_gain_weight,0.2,1.0000,0.2,R102_25.txt,1,4318.4516,2.8626
platform_gain_weight,0.2,1.0000,0.2,R102_25.txt,2,4315.0746,3.8544
platform_gain_weight,0.2,1.0000,0.2,R102_25.txt,3,4303.0496,2.0265
platform_gain_weight,0.2,1.0000,0.2,R102_25.txt,4,4272.8284,2.1462
platform_gain_weight,0.2,1.0000,0.2,R102_25.txt,5,4300.8346,1.4221
platform_gain_weight,0.2,1.0000,0.2,R201_50.txt,1,4114.8365,89.7719
platform_gain_weight,0.2,1.0000,0.2,R201_50.txt,2,4090.4469,6.2924
platform_gain_weight,0.2,1.0000,0.2,R201_50.txt,3,4049.7081,6.2160
platform_gain_weight,0.2,1.0000,0.2,R201_50.txt,4,4110.9207,7.3424
platform_gain_weight,0.2,1.0000,0.2,R201_50.txt,5,4091.8144,5.6584
platform_gain_weight,0.2,1.0000,0.2,R202_100.txt,1,6057.1000,9.1534
platform_gain_weight,0.2,1.0000,0.2,R202_100.txt,2,6048.0411,18.0988
platform_gain_weight,0.2,1.0000,0.2,R202_100.txt,3,6029.8211,13.7473
platform_gain_weight,0.2,1.0000,0.2,R202_100.txt,4,6089.9869,4.9061
platform_gain_weight,0.2,1.0000,0.2,R202_100.txt,5,6203.7881,6.7323
platform_gain_weight,0.2,1.1500,0.23,C102_50.txt,1,3053.8802,7.9514
platform_gain_weight,0.2,1.1500,0.23,C102_50.txt,2,3015.3524,4.0073
platform_gain_weight,0.2,1.1500,0.23,C102_50.txt,3,3058.2228,15.0647
platform_gain_weight,0.2,1.1500,0.23,C102_50.txt,4,3016.9084,6.3902
platform_gain_weight,0.2,1.1500,0.23,C102_50.txt,5,3058.2228,13.5284
platform_gain_weight,0.2,1.1500,0.23,C201_100.txt,1,6533.7972,5.4390
platform_gain_weight,0.2,1.1500,0.23,C201_100.txt,2,6984.6355,16.8709
platform_gain_weight,0.2,1.1500,0.23,C201_100.txt,3,6415.8251,8.5426
platform_gain_weight,0.2,1.1500,0.23,C201_100.txt,4,6388.3843,3.7001
platform_gain_weight,0.2,1.1500,0.23,C201_100.txt,5,6995.7096,5.5254
platform_gain_weight,0.2,1.1500,0.23,R102_25.txt,1,4318.4516,2.6815
platform_gain_weight,0.2,1.1500,0.23,R102_25.txt,2,4315.0746,3.4744
platform_gain_weight,0.2,1.1500,0.23,R102_25.txt,3,4303.0496,1.8195
platform_gain_weight,0.2,1.1500,0.23,R102_25.txt,4,4272.8284,1.9163
platform_gain_weight,0.2,1.1500,0.23,R102_25.txt,5,4300.8346,1.3556
platform_gain_weight,0.2,1.1500,0.23,R201_50.txt,1,4114.8365,88.2246
platform_gain_weight,0.2,1.1500,0.23,R201_50.txt,2,4090.4469,5.8540
platform_gain_weight,0.2,1.1500,0.23,R201_50.txt,3,4049.7081,5.7948
platform_gain_weight,0.2,1.1500,0.23,R201_50.txt,4,4110.9207,6.9458
platform_gain_weight,0.2,1.1500,0.23,R201_50.txt,5,4091.8144,5.3032
platform_gain_weight,0.2,1.1500,0.23,R202_100.txt,1,6057.1000,11.3632
platform_gain_weight,0.2,1.1500,0.23,R202_100.txt,2,6048.0411,17.7410
platform_gain_weight,0.2,1.1500,0.23,R202_100.txt,3,6029.8211,10.4068
platform_gain_weight,0.2,1.1500,0.23,R202_100.txt,4,6089.9869,4.5446
platform_gain_weight,0.2,1.1500,0.23,R202_100.txt,5,6203.7881,6.5445
platform_gain_weight,0.2,1.3000,0.26,C102_50.txt,1,3053.8802,7.9506
platform_gain_weight,0.2,1.3000,0.26,C102_50.txt,2,3015.3524,3.9407
platform_gain_weight,0.2,1.3000,0.26,C102_50.txt,3,3058.2228,15.0619
platform_gain_weight,0.2,1.3000,0.26,C102_50.txt,4,3016.9084,6.4035
platform_gain_weight,0.2,1.3000,0.26,C102_50.txt,5,3058.2228,13.5751
platform_gain_weight,0.2,1.3000,0.26,C201_100.txt,1,6533.7972,5.4444
platform_gain_weight,0.2,1.3000,0.26,C201_100.txt,2,6984.6355,16.7614
platform_gain_weight,0.2,1.3000,0.26,C201_100.txt,3,6415.8251,8.7180
platform_gain_weight,0.2,1.3000,0.26,C201_100.txt,4,6388.3843,3.7003
platform_gain_weight,0.2,1.3000,0.26,C201_100.txt,5,6995.7096,5.5668
platform_gain_weight,0.2,1.3000,0.26,R102_25.txt,1,4318.4516,2.6747
platform_gain_weight,0.2,1.3000,0.26,R102_25.txt,2,4315.0746,3.4631
platform_gain_weight,0.2,1.3000,0.26,R102_25.txt,3,4303.0496,1.8177
platform_gain_weight,0.2,1.3000,0.26,R102_25.txt,4,4272.8284,1.9008
platform_gain_weight,0.2,1.3000,0.26,R102_25.txt,5,4300.8346,1.3499
platform_gain_weight,0.2,1.3000,0.26,R201_50.txt,1,4114.8365,88.3968
platform_gain_weight,0.2,1.3000,0.26,R201_50.txt,2,4090.4469,5.7707
platform_gain_weight,0.2,1.3000,0.26,R201_50.txt,3,4049.7081,5.8042
platform_gain_weight,0.2,1.3000,0.26,R201_50.txt,4,4110.9207,6.9468
platform_gain_weight,0.2,1.3000,0.26,R201_50.txt,5,4091.8144,5.3209
platform_gain_weight,0.2,1.3000,0.26,R202_100.txt,1,6057.1000,11.2112
platform_gain_weight,0.2,1.3000,0.26,R202_100.txt,2,6048.0411,17.4042
platform_gain_weight,0.2,1.3000,0.26,R202_100.txt,3,6029.8211,10.1344
platform_gain_weight,0.2,1.3000,0.26,R202_100.txt,4,6089.9869,4.5198
platform_gain_weight,0.2,1.3000,0.26,R202_100.txt,5,6203.7881,6.3327
platform_gain_weight,0.2,1.5000,0.3,C102_50.txt,1,3053.8802,7.9814
platform_gain_weight,0.2,1.5000,0.3,C102_50.txt,2,3015.3524,3.9380
platform_gain_weight,0.2,1.5000,0.3,C102_50.txt,3,3058.2228,15.0814
platform_gain_weight,0.2,1.5000,0.3,C102_50.txt,4,3016.9084,6.4168
platform_gain_weight,0.2,1.5000,0.3,C102_50.txt,5,3058.2228,13.5498
platform_gain_weight,0.2,1.5000,0.3,C201_100.txt,1,6533.7972,5.4989
platform_gain_weight,0.2,1.5000,0.3,C201_100.txt,2,6984.6355,17.0672
platform_gain_weight,0.2,1.5000,0.3,C201_100.txt,3,6415.8251,8.5501
platform_gain_weight,0.2,1.5000,0.3,C201_100.txt,4,6388.3843,3.6728
platform_gain_weight,0.2,1.5000,0.3,C201_100.txt,5,6995.7096,5.5200
platform_gain_weight,0.2,1.5000,0.3,R102_25.txt,1,4318.4516,2.6621
platform_gain_weight,0.2,1.5000,0.3,R102_25.txt,2,4315.0746,3.5002
platform_gain_weight,0.2,1.5000,0.3,R102_25.txt,3,4303.0496,1.7823
platform_gain_weight,0.2,1.5000,0.3,R102_25.txt,4,4272.8284,1.9482
platform_gain_weight,0.2,1.5000,0.3,R102_25.txt,5,4300.8346,1.3666
platform_gain_weight,0.2,1.5000,0.3,R201_50.txt,1,4114.8365,88.1981
platform_gain_weight,0.2,1.5000,0.3,R201_50.txt,2,4090.4469,5.7851
platform_gain_weight,0.2,1.5000,0.3,R201_50.txt,3,4049.7081,5.8142
platform_gain_weight,0.2,1.5000,0.3,R201_50.txt,4,4110.9207,6.9425
platform_gain_weight,0.2,1.5000,0.3,R201_50.txt,5,4091.8144,5.3362
platform_gain_weight,0.2,1.5000,0.3,R202_100.txt,1,6057.1000,11.3417
platform_gain_weight,0.2,1.5000,0.3,R202_100.txt,2,6048.0411,17.6360
platform_gain_weight,0.2,1.5000,0.3,R202_100.txt,3,6029.8211,10.2257
platform_gain_weight,0.2,1.5000,0.3,R202_100.txt,4,6089.9869,4.5184
platform_gain_weight,0.2,1.5000,0.3,R202_100.txt,5,6203.7881,6.5006
